num,enddate,end+1,target,target2,Start Date,End Date,#,팀명,경기,투_승,투_패,투_세,투_홀드,투_블론,투_QS,투_이닝,투_타자,투_안타,투_2루타,투_3루타,투_홈런,투_실점,투_자책,투_삼진,투_볼넷,투_고4,투_HBP,투_폭투,투_보크,투_PK,투_도루,투_도실,투_홀드세이브,투_경기당실점,투_이닝당실점,투_안타당타자,투_홈런당타자,타_타석,타_타수,타_안타,타_단타,타_2루타,타_3루타,타_홈런,타_득점,타_타점,타_볼넷,타_고4,타_HBP,타_삼진,타_희플,타_희타,타_병살,타_도루,타_도살,안타/피안타,탈삼진/삼진,안타+탈삼진/피안타+삼진,타_타율,타_출루율,타_장타율,타_OPS,타_BABIP,투_삼진율,투_이닝당타자,투_볼넷율,투_ERA,투_FIP,투_WHIP,상대1,경기1,투_승1,투_패1,투_세1,투_홀드1,투_블론1,투_QS1,투_이닝1,투_타자1,투_안타1,투_2루타1,투_3루타1,투_홈런1,투_실점1,투_자책1,투_삼진1,투_볼넷1,투_고41,투_HBP1,투_폭투1,투_보크1,투_PK1,투_도루1,투_도실1,타_타석1,타_타수1,타_안타1,타_단타1,타_2루타1,타_3루타1,타_홈런1,타_득점1,타_타점1,타_볼넷1,타_고41,타_HBP1,타_삼진1,타_희플1,타_희타1,타_병살1,타_도루1,타_도살1,타_타율1,타_출루율1,타_장타율1,타_OPS1,타_BABIP1,투_삼진율1,투_이닝당타자1,투_볼넷율1,투_ERA1,투_FIP1,투_WHIP1,차_ERA,차_FIP,차_WHIP,차_타율,차_OPS,차_장타율,차_출루율,차_타석,차_안타
10,6,7,1,win,3/23/24,3/29/24,10,키움,4,0,4,0,0,0,1,33.0,164,39,8,1,5,26,25,22,25,0,2,3,0,0,11,0,0,6.5,0.79,4.21,32.8,149,136,29,22,3,1,3,12,11,10,0,3,45,0,0,0,1,0,0.743589743589744,0.488888888888889,0.607142857142857,0.213,0.267,0.316,0.583,0.295,0.134,4.97,0.152,6.818,6.195,1.939,LG,6,4,1,1,3,0,5,57.0,233,44,5,0,3,16,14,47,18,1,4,2,0,0,3,1,258,221,72,58,10,1,3,39,37,27,0,5,37,3,5,6,15,0,0.326,0.394422311,0.42081448,0.81523679,0.375,0.201716738,4.087719298,0.077253219,2.210526316,3.645224172,3.645224172,4.607473684,2.549775828,-1.706224172,-0.113,-0.23223679,-0.10481448,-0.127422311,-109,-43
17,7,8,1,win,3/24/24,3/30/24,7,키움,4,1,3,0,0,0,1,34.0,158,33,4,1,7,22,21,28,22,0,2,2,0,0,7,0,0,5.5,0.65,4.79,22.57,152,137,34,23,8,1,2,15,14,11,0,3,41,1,1,0,1,0,1.03030303030303,0.682926829268293,0.837837837837838,0.248,0.302,0.365,0.667,0.337,0.177,4.647,0.139,5.559,6.961,1.618,LG,6,3,2,1,3,0,4,56.0,237,49,8,0,3,22,19,45,19,1,3,4,0,0,3,0,252,220,68,51,10,1,6,34,32,23,0,4,42,3,5,5,9,0,0.309,0.369918699,0.445454545,0.815373245,0.354285714,0.189873418,4.232142857,0.080168776,3.053571429,3.69047619,3.69047619,2.505428571,3.27052381,-2.07247619,-0.061,-0.148373245,-0.080454545,-0.067918699,-100,-34
27,8,9,1,win,3/26/24,3/31/24,7,키움,5,2,3,0,0,0,2,43.0,192,41,4,1,9,26,25,35,24,0,2,2,0,0,7,1,0,5.2,0.6,4.68,21.33,195,175,48,30,12,1,5,23,22,16,0,3,47,1,1,0,2,0,1.17073170731707,0.74468085106383,0.943181818181818,0.274,0.333,0.44,0.773,0.347,0.182,4.465,0.125,5.233,6.693,1.512,삼성,6,0,5,0,1,1,0,57.2,271,78,12,1,8,43,43,43,29,1,5,2,0,0,10,5,248,213,39,30,5,1,3,19,18,26,1,4,51,2,5,7,6,0,0.183,0.272727273,0.258215962,0.530943235,0.223602484,0.158671587,4.737762238,0.10701107,6.765734266,5.380730381,5.380730381,-1.532734266,1.312269619,-3.868730381,0.091,0.242056765,0.181784038,0.060272727,-53,9
43,10,11,1,win,3/28/24,4/3/24,3,키움,4,3,1,0,1,0,2,36.0,143,29,3,0,5,13,13,27,11,0,0,1,0,0,3,1,1,3.25,0.36,4.93,28.6,158,143,45,30,9,2,4,24,23,13,0,0,30,2,2,1,1,0,1.55172413793103,0.9,1.22033898305085,0.315,0.367,0.49,0.857,0.369,0.189,3.972,0.077,3.25,4.691,1.111,삼성,5,0,5,0,0,0,0,46.0,224,70,9,2,8,45,45,31,21,1,3,1,0,0,7,3,195,169,33,21,8,1,3,17,16,19,1,2,44,3,5,6,3,0,0.195,0.276041667,0.307692308,0.583733974,0.24,0.138392857,4.869565217,0.09375,8.804347826,5.531400966,5.531400966,-5.554347826,-0.840400966,-4.420400966,0.12,0.273266026,0.182307692,0.090958333,-37,12
52,11,12,1,win,3/29/24,4/4/24,2,키움,5,4,1,0,1,0,3,45.0,177,33,3,0,6,14,14,37,14,0,0,1,0,0,3,1,1,2.8,0.31,5.36,29.5,203,182,57,37,12,2,6,34,33,17,0,1,37,3,3,1,4,0,1.72727272727273,1.0,1.34285714285714,0.313,0.366,0.5,0.866,0.359,0.209,3.933,0.079,2.8,4.79,1.044,한화,5,4,1,1,3,0,1,45.0,191,45,3,0,5,16,16,46,11,0,3,2,0,0,3,2,193,170,50,26,15,3,6,31,30,18,3,2,46,1,3,5,1,0,0.294,0.369791667,0.523529412,0.893321078,0.369747899,0.240837696,4.244444444,0.057591623,3.2,4.691358025,4.691358025,-0.4,0.098641975,-3.647358025,0.019,-0.027321078,-0.023529412,-0.003791667,10,7
61,12,13,1,win,3/30/24,4/5/24,1,키움,5,5,0,0,2,0,2,45.0,177,35,6,1,6,18,18,39,14,0,2,0,0,0,0,3,2,3.6,0.4,5.06,29.5,209,185,62,41,13,2,6,45,43,19,0,2,27,3,3,2,4,0,1.77142857142857,1.44444444444444,1.62903225806452,0.335,0.391,0.524,0.916,0.361,0.22,3.933,0.079,3.6,4.889,1.089,한화,5,3,2,1,3,0,0,44.0,196,48,4,0,5,25,24,41,13,0,4,2,0,0,3,1,199,168,53,28,15,4,6,35,34,22,2,4,45,3,5,5,1,0,0.315,0.394871795,0.55952381,0.954395604,0.391666667,0.209183673,4.454545455,0.066326531,4.909090909,4.696969697,4.696969697,-1.309090909,0.192030303,-3.607969697,0.02,-0.038395604,-0.03552381,-0.003871795,10,9
71,13,14,1,win,3/31/24,4/6/24,1,키움,5,5,0,1,3,0,3,45.0,178,36,8,1,5,21,21,37,15,0,3,0,0,0,0,3,4,4.2,0.47,4.94,35.6,206,177,56,37,9,2,8,44,43,21,0,4,29,4,4,4,5,0,1.55555555555556,1.27586206896552,1.43076923076923,0.316,0.381,0.525,0.907,0.333,0.208,3.956,0.084,4.2,4.543,1.133,한화,5,2,3,1,2,0,0,43.0,192,44,5,0,5,27,24,37,14,0,6,2,0,0,4,1,196,169,49,27,14,2,6,33,32,20,2,4,45,2,3,5,1,0,0.29,0.367875648,0.50295858,0.870834228,0.358333333,0.192708333,4.465116279,0.072916667,5.023255814,4.677002584,4.677002584,-0.823255814,-0.134002584,-3.544002584,0.026,0.036165772,0.02204142,0.013124352,10,7
81,14,15,0,lose,4/2/24,4/7/24,1,키움,5,5,0,1,3,0,2,47.0,195,38,9,1,4,20,20,34,21,0,3,1,0,0,0,2,4,4.0,0.43,5.13,48.75,202,175,50,34,6,2,8,40,39,19,0,4,32,4,4,5,5,0,1.31578947368421,1.0625,1.2,0.286,0.348,0.48,0.828,0.302,0.174,4.149,0.108,3.83,4.326,1.255,SSG,6,3,3,1,6,1,0,52.0,241,61,11,2,8,42,38,56,22,1,7,1,0,0,2,2,219,203,48,35,5,0,8,25,24,10,2,4,42,0,2,3,0,0,0.236,0.279069767,0.379310345,0.658380112,0.261437908,0.232365145,4.634615385,0.091286307,6.576923077,6.025641026,6.025641026,-2.746923077,-1.699641026,-4.770641026,0.05,0.169619888,0.100689655,0.068930233,-17,2
91,15,16,0,lose,4/3/24,4/9/24,1,키움,5,4,1,1,3,1,2,46.0,201,42,8,1,5,25,21,33,21,0,6,1,0,0,1,3,4,5.0,0.54,4.79,40.2,197,173,47,32,7,0,8,37,36,17,0,4,36,3,3,5,5,0,1.11904761904762,0.916666666666667,1.02564102564103,0.272,0.332,0.451,0.782,0.295,0.164,4.37,0.104,4.109,4.686,1.37,SSG,6,3,3,2,3,1,0,52.0,234,59,9,1,8,41,39,57,19,1,6,3,0,0,2,1,215,197,44,35,5,0,4,20,18,9,2,6,39,1,3,3,1,0,0.223,0.263157895,0.30964467,0.572802565,0.258064516,0.243589744,4.5,0.081196581,6.75,5.876068376,5.876068376,-2.641,-1.190068376,-4.506068376,0.049,0.209197435,0.14135533,0.068842105,-18,3
103,16,17,1,win,4/4/24,4/10/24,3,키움,6,4,2,1,3,1,2,54.0,241,54,10,1,7,33,29,41,26,0,6,1,1,0,1,3,4,5.5,0.61,4.46,34.43,231,204,54,36,8,0,10,41,40,19,0,5,44,3,3,8,5,0,1.0,0.931818181818182,0.969387755102041,0.265,0.323,0.451,0.774,0.288,0.17,4.463,0.108,4.833,5.165,1.481,SSG,6,3,3,1,3,1,1,52.0,234,59,10,1,8,42,40,53,19,0,7,3,0,0,1,0,220,200,48,38,5,0,5,23,22,12,2,5,44,2,3,4,1,0,0.24,0.287037037,0.34,0.627037037,0.281045752,0.226495726,4.5,0.081196581,6.923076923,5.705128205,5.705128205,-2.090076923,-0.540128205,-4.224128205,0.025,0.146962963,0.111,0.035962963,11,6
114,17,18,1,win,4/5/24,4/11/24,4,키움,6,4,2,2,6,1,1,54.0,241,55,10,1,7,34,30,39,23,0,8,1,1,0,2,3,8,5.67,0.63,4.38,34.43,227,205,53,38,5,0,10,36,35,16,0,4,45,2,2,8,3,0,0.963636363636364,0.866666666666667,0.92,0.259,0.309,0.429,0.739,0.283,0.162,4.463,0.095,5.0,4.897,1.444,롯데,6,2,4,0,1,2,3,56.0,255,67,11,2,7,33,31,50,22,0,5,3,0,0,6,2,232,210,51,40,6,3,2,26,24,14,0,4,50,0,4,5,13,0,0.243,0.290178571,0.328571429,0.61875,0.310126582,0.196078431,4.553571429,0.08627451,4.982142857,5.099206349,5.099206349,0.017857143,-0.202206349,-3.655206349,0.016,0.12025,0.100428571,0.018821429,-5,2
124,18,19,1,win,4/6/24,4/12/24,4,키움,6,4,2,2,7,1,2,54.0,238,52,7,0,7,31,25,40,20,0,6,1,1,0,2,1,9,5.17,0.57,4.58,34.0,229,205,55,38,6,0,11,34,33,17,1,4,43,3,3,8,4,0,1.05769230769231,0.930232558139535,1.0,0.268,0.323,0.459,0.782,0.286,0.168,4.407,0.084,4.167,4.753,1.333,롯데,6,2,4,0,1,2,3,55.0,255,72,9,2,8,38,35,47,19,1,6,1,0,0,6,2,232,210,52,43,5,2,2,27,24,15,0,3,49,0,4,5,10,0,0.248,0.297777778,0.319047619,0.616825397,0.314465409,0.184313725,4.636363636,0.074509804,5.727272727,5.151515152,5.151515152,-1.560272727,-0.398515152,-3.818515152,0.02,0.165174603,0.139952381,0.025222222,-3,3
133,19,20,1,win,4/7/24,4/13/24,3,키움,6,4,2,1,7,1,2,54.0,238,52,6,0,5,26,20,40,18,0,7,2,1,0,2,1,8,4.33,0.48,4.58,47.6,230,211,60,44,5,0,11,35,34,14,1,3,43,1,2,6,3,0,1.15384615384615,0.930232558139535,1.05263157894737,0.284,0.33,0.464,0.795,0.31,0.168,4.407,0.076,3.333,4.095,1.296,롯데,6,1,5,0,1,2,2,54.0,260,77,8,2,9,45,42,41,20,1,7,1,0,0,5,2,232,209,48,41,3,2,2,20,18,14,0,5,45,0,4,4,6,0,0.23,0.278026906,0.291866029,0.569892935,0.283950617,0.157692308,4.814814815,0.076923077,7.0,5.329218107,5.329218107,-3.667,-1.234218107,-4.033218107,0.054,0.225107065,0.172133971,0.051973094,-2,12
143,20,21,1,win,4/9/24,4/14/24,3,키움,6,4,2,2,8,1,2,52.0,229,50,8,0,4,28,22,40,19,0,7,3,1,0,3,2,10,4.67,0.54,4.58,57.25,235,212,68,52,7,0,9,39,37,16,1,4,39,1,3,6,2,0,1.36,1.02564102564103,1.21348314606742,0.321,0.37,0.481,0.851,0.358,0.175,4.404,0.083,3.808,4.038,1.327,KT,6,2,4,0,5,2,2,53.1,253,71,7,1,4,34,32,46,21,1,3,6,0,0,16,1,245,213,60,47,6,0,7,32,29,26,1,1,47,2,4,6,3,0,0.282,0.359504132,0.408450704,0.767954836,0.329192547,0.181818182,4.764595104,0.083003953,5.423728814,4.331450094,4.331450094,-1.615728814,-0.293450094,-3.004450094,0.039,0.083045164,0.072549296,0.010495868,-10,8
152,21,22,0,lose,4/10/24,4/16/24,2,키움,6,5,1,3,9,0,3,53.0,227,47,8,1,3,23,21,44,19,1,5,3,1,0,2,1,12,3.83,0.43,4.83,75.67,237,210,68,49,10,0,9,40,37,19,2,4,39,1,4,5,2,0,1.4468085106383,1.12820512820513,1.30232558139535,0.324,0.384,0.5,0.884,0.362,0.194,4.283,0.084,3.566,3.857,1.245,KT,6,1,5,0,4,2,3,52.1,253,72,9,1,5,39,36,44,21,2,3,5,0,0,14,1,246,214,61,47,6,1,7,29,28,25,2,2,44,3,5,5,3,0,0.285,0.360655738,0.420560748,0.781216485,0.325301205,0.173913043,4.856046065,0.083003953,6.218809981,4.606525912,4.606525912,-2.652809981,-0.749525912,-3.361525912,0.039,0.102783515,0.079439252,0.023344262,-9,7
161,22,23,0,lose,4/11/24,4/17/24,1,키움,6,5,1,3,9,0,3,54.0,228,46,9,2,1,21,19,41,17,1,5,5,0,0,2,1,12,3.5,0.39,4.96,228.0,244,214,71,53,10,0,8,40,37,22,2,3,38,2,5,2,2,0,1.54347826086957,1.07894736842105,1.33333333333333,0.332,0.396,0.491,0.886,0.371,0.18,4.222,0.075,3.167,3.004,1.167,KT,6,2,4,1,4,2,2,53.1,260,74,10,1,5,40,37,45,25,2,2,5,0,0,12,2,249,218,65,48,9,2,6,33,31,23,2,2,44,4,6,6,3,0,0.298,0.36437247,0.440366972,0.804739442,0.343023256,0.173076923,4.896421846,0.096153846,6.271186441,4.812722327,4.812722327,-3.104186441,-1.808722327,-3.645722327,0.034,0.081260558,0.050633028,0.03162753,-5,6
171,23,24,0,lose,4/12/24,4/18/24,1,키움,6,4,2,2,6,0,3,54.0,235,53,11,2,0,22,20,40,20,1,3,6,0,0,3,1,8,3.67,0.41,4.43,,234,203,61,45,10,0,6,35,32,23,2,3,36,2,5,2,1,0,1.15094339622642,1.11111111111111,1.13483146067416,0.3,0.374,0.438,0.812,0.337,0.17,4.352,0.085,3.333,2.881,1.352,두산,6,2,4,1,5,0,1,51.0,239,56,8,0,9,30,29,48,30,0,3,6,0,0,5,0,217,188,42,32,6,0,4,24,21,20,0,2,48,4,7,3,7,0,0.223,0.29245283,0.319148936,0.611601766,0.271428571,0.20083682,4.68627451,0.125523013,5.117647059,6.60130719,6.60130719,-1.784647059,-3.72030719,-5.24930719,0.077,0.200398234,0.118851064,0.08154717,17,19
198,25,26,1,win,4/14/24,4/20/24,8,키움,5,2,3,2,3,0,1,44.0,214,61,16,2,2,36,32,30,20,1,2,9,0,0,4,1,5,7.2,0.82,3.51,107.0,199,172,48,29,15,1,3,26,24,22,1,1,39,2,4,2,0,0,0.786885245901639,0.769230769230769,0.78,0.279,0.36,0.43,0.791,0.341,0.14,4.864,0.093,6.545,3.687,1.841,두산,5,2,3,0,3,0,0,42.0,205,55,14,1,8,34,32,46,24,0,2,4,0,0,4,0,201,177,53,38,9,0,6,37,31,16,0,3,34,4,5,4,7,0,0.299,0.350253807,0.451977401,0.802231208,0.333333333,0.224390244,4.880952381,0.117073171,6.857142857,7.08994709,7.08994709,-0.312142857,-3.40294709,-5.24894709,-0.02,-0.011231208,-0.021977401,0.009746193,-2,-5
209,26,27,0,lose,4/16/24,4/21/24,9,키움,6,2,4,1,3,1,2,52.2,242,73,15,2,4,37,33,37,12,2,2,8,0,0,4,1,4,6.17,0.71,3.32,60.5,235,201,49,31,13,2,3,27,26,27,1,3,40,3,4,6,0,0,0.671232876712329,0.925,0.761061946902655,0.244,0.332,0.373,0.705,0.286,0.153,4.636,0.05,5.69,3.448,1.628,KIA,6,3,3,0,1,2,2,53.2,245,61,9,0,10,36,34,50,23,0,4,4,0,0,6,1,231,200,52,32,9,0,11,37,34,25,0,2,31,1,3,7,7,0,0.26,0.340707965,0.47,0.810707965,0.257861635,0.204081633,4.605263158,0.093877551,5.751879699,6.244778613,6.244778613,-0.061879699,-2.796778613,-4.616778613,-0.016,-0.105707965,-0.097,-0.008707965,4,-3
220,27,28,0,lose,4/17/24,4/23/24,10,키움,6,1,5,0,1,1,2,53.2,246,74,13,1,5,39,35,37,13,1,1,8,0,0,4,1,1,6.5,0.73,3.32,49.2,242,210,53,37,11,2,3,23,23,26,0,3,42,3,3,7,0,0,0.716216216216216,0.880952380952381,0.775862068965517,0.252,0.331,0.367,0.697,0.298,0.15,4.624,0.053,5.921,3.718,1.635,KIA,6,4,2,1,2,2,2,55.0,249,60,9,0,8,32,30,50,25,0,4,3,0,0,5,1,238,205,52,34,9,0,9,38,35,26,0,2,34,2,4,6,7,0,0.254,0.334763948,0.429268293,0.764032241,0.262195122,0.200803213,4.527272727,0.100401606,4.909090909,5.636363636,5.636363636,1.011909091,-1.918363636,-4.001363636,-0.002,-0.067032241,-0.062268293,-0.003763948,4,1
230,28,29,0,lose,4/18/24,4/24/24,10,키움,6,1,5,0,1,1,3,53.2,245,72,12,1,5,39,35,40,14,2,1,7,0,0,7,1,1,6.5,0.73,3.4,49.0,238,205,50,36,10,2,2,23,23,27,0,3,40,2,3,9,0,0,0.694444444444444,1.0,0.803571428571429,0.244,0.329,0.341,0.671,0.291,0.163,4.605,0.057,5.921,3.906,1.617,KIA,6,4,2,2,3,2,3,55.0,246,58,9,0,8,33,32,46,27,0,3,3,0,0,5,1,235,206,49,35,7,1,6,33,30,24,1,1,38,2,4,5,9,0,0.238,0.317596567,0.368932039,0.686528605,0.262195122,0.18699187,4.472727273,0.109756098,5.236363636,5.595959596,5.595959596,0.684636364,-1.689959596,-3.978959596,0.006,-0.015528605,-0.027932039,0.011403433,3,1
240,29,30,0,lose,4/19/24,4/25/24,10,키움,6,1,5,0,1,1,3,53.2,253,76,14,1,7,49,45,34,15,2,3,7,0,0,6,1,1,8.17,0.92,3.33,36.14,239,206,54,39,10,2,3,25,25,26,0,3,43,2,4,10,0,0,0.710526315789474,0.790697674418605,0.739495798319328,0.262,0.342,0.374,0.716,0.315,0.134,4.756,0.059,7.613,4.261,1.711,삼성,6,4,2,2,5,0,1,52.0,217,43,4,2,3,20,20,45,22,1,4,3,0,0,5,5,216,195,49,36,8,0,5,22,22,18,2,2,39,0,1,2,4,0,0.251,0.320930233,0.369230769,0.690161002,0.291390728,0.207373272,4.173076923,0.101382488,3.461538462,4.166666667,4.166666667,4.151461538,0.094333333,-2.455666667,0.011,0.025838998,0.004769231,0.021069767,23,5
249,30,31,0,lose,4/20/24,4/26/24,9,키움,6,1,5,0,1,1,3,54.2,239,63,9,1,5,33,32,34,14,2,2,3,1,0,5,1,1,5.5,0.61,3.79,47.8,228,199,45,36,5,1,3,17,17,22,0,4,42,1,3,9,0,0,0.714285714285714,0.80952380952381,0.752380952380952,0.226,0.302,0.307,0.608,0.271,0.142,4.41,0.059,5.314,3.588,1.421,삼성,6,5,1,3,6,0,2,53.0,213,37,3,2,3,14,14,53,20,1,3,1,0,0,4,4,220,196,51,37,9,0,5,24,24,19,2,2,36,1,3,1,3,0,0.26,0.330275229,0.382653061,0.712928291,0.294871795,0.248826291,4.018867925,0.093896714,2.377358491,4.29769392,4.29769392,2.936641509,-0.70969392,-2.87669392,-0.034,-0.104928291,-0.075653061,-0.028275229,8,-6
260,31,32,0,lose,4/21/24,4/27/24,10,키움,7,1,6,0,1,1,4,63.2,289,78,10,1,5,44,42,41,19,2,4,4,1,0,5,1,1,6.29,0.7,3.71,57.8,264,231,50,40,6,1,3,17,17,25,0,5,52,1,3,9,0,0,0.641025641025641,0.788461538461538,0.7,0.216,0.292,0.29,0.582,0.266,0.142,4.573,0.066,5.981,3.586,1.535,삼성,6,5,1,2,6,0,1,53.0,214,36,3,2,3,14,14,54,20,1,4,1,0,0,4,3,234,205,57,45,7,0,5,34,32,21,1,4,36,3,4,0,3,0,0.278,0.343478261,0.385365854,0.728844115,0.311377246,0.252336449,4.037735849,0.093457944,2.377358491,4.339622642,4.339622642,3.603641509,-0.753622642,-2.804622642,-0.062,-0.146844115,-0.095365854,-0.051478261,30,-7
270,32,33,1,win,4/23/24,4/28/24,10,키움,6,0,6,0,0,0,3,55.0,269,73,13,1,3,49,46,39,26,1,4,4,1,0,5,0,0,8.17,0.89,3.68,89.67,223,201,42,32,7,0,3,14,14,16,0,3,55,1,3,4,0,0,0.575342465753425,0.709090909090909,0.6328125,0.209,0.266,0.289,0.555,0.271,0.145,4.891,0.097,7.527,3.939,1.8,롯데,5,1,4,1,2,0,2,42.0,188,52,9,1,5,26,26,35,10,0,4,2,0,0,4,1,182,169,41,29,9,1,2,16,15,12,0,0,43,1,1,3,5,0,0.243,0.291208791,0.343195266,0.634404057,0.312,0.186170213,4.476190476,0.053191489,5.571428571,4.365079365,4.365079365,1.955571429,-0.426079365,-2.565079365,-0.034,-0.079404057,-0.054195266,-0.025208791,41,1
280,33,34,1,win,4/24/24,4/30/24,10,키움,6,1,5,1,0,0,3,54.0,270,78,18,1,2,51,48,37,25,1,6,5,1,0,5,0,1,8.5,0.94,3.46,135.0,222,194,40,30,5,0,5,21,21,20,0,3,50,3,5,5,0,0,0.512820512820513,0.74,0.6015625,0.206,0.276,0.309,0.586,0.246,0.137,5.0,0.093,8.0,3.601,1.907,롯데,6,1,5,1,2,0,2,51.0,232,62,9,1,8,35,35,41,18,0,4,2,0,0,4,1,225,207,55,38,14,1,2,23,22,14,0,2,50,2,2,5,5,0,0.266,0.30941704,0.371980676,0.681397717,0.337579618,0.176724138,4.549019608,0.077586207,6.176470588,5.22875817,5.22875817,1.823529412,-1.62775817,-3.32175817,-0.06,-0.095397717,-0.062980676,-0.03341704,-3,-15
288,34,35,0,lose,4/25/24,5/1/24,8,키움,6,2,4,2,2,0,2,54.0,269,79,18,1,2,48,45,35,23,0,6,4,1,0,2,0,4,8.0,0.89,3.41,134.5,229,203,46,32,9,0,5,23,23,18,0,3,49,4,5,4,0,0,0.582278481012658,0.714285714285714,0.6328125,0.227,0.284,0.345,0.629,0.268,0.13,4.981,0.086,7.5,3.395,1.889,롯데,6,1,5,1,1,1,3,51.0,228,57,11,0,6,29,29,41,18,0,4,2,0,0,2,0,221,205,51,35,13,1,2,19,19,13,0,2,49,1,1,6,3,0,0.249,0.292237443,0.351219512,0.643456955,0.316129032,0.179824561,4.470588235,0.078947368,5.117647059,4.662309368,4.662309368,2.382352941,-1.267309368,-2.773309368,-0.022,-0.014456955,-0.006219512,-0.008237443,8,-5
298,35,36,0,lose,4/26/24,5/2/24,8,키움,6,2,4,2,2,0,2,53.0,255,72,14,3,1,41,38,37,20,0,5,4,1,0,1,0,4,6.83,0.77,3.54,255.0,237,208,52,36,11,0,5,26,26,21,0,3,51,4,5,4,1,0,0.722222222222222,0.725490196078431,0.723577235772358,0.25,0.313,0.375,0.688,0.301,0.145,4.811,0.078,6.453,3.082,1.736,KT,6,3,3,0,3,0,2,51.0,227,59,10,0,9,36,33,57,14,0,2,2,0,0,6,0,234,213,62,47,7,0,8,37,34,16,0,0,40,2,5,10,2,0,0.291,0.337662338,0.436619718,0.774282056,0.323353293,0.251101322,4.450980392,0.061674009,5.823529412,5.947712418,5.947712418,0.629470588,-2.865712418,-4.211712418,-0.041,-0.086282056,-0.061619718,-0.024662338,3,-10
310,36,37,0,lose,4/27/24,5/3/24,10,키움,6,2,4,2,2,0,3,53.2,256,68,14,3,2,40,38,38,22,0,5,4,0,0,2,0,4,6.67,0.75,3.76,128.0,239,211,52,37,9,0,6,27,27,21,0,2,48,4,5,4,1,0,0.764705882352941,0.791666666666667,0.775862068965517,0.246,0.309,0.374,0.684,0.286,0.148,4.812,0.086,6.429,3.509,1.692,KT,6,4,2,0,3,0,2,53.0,230,54,9,0,9,32,31,57,15,0,2,2,0,0,3,0,238,215,58,41,8,0,9,37,34,18,0,0,35,2,5,7,1,0,0.27,0.323404255,0.43255814,0.755962395,0.283236994,0.247826087,4.339622642,0.065217391,5.264150943,5.786163522,5.786163522,1.164849057,-2.277163522,-4.094163522,-0.024,-0.071962395,-0.05855814,-0.014404255,1,-6
319,37,38,0,lose,4/28/24,5/4/24,9,키움,6,2,4,2,2,0,2,52.2,244,67,16,3,3,35,34,37,21,0,3,4,0,0,2,0,4,5.83,0.67,3.64,81.33,239,213,55,39,9,1,6,29,29,19,0,1,44,5,6,4,2,0,0.82089552238806,0.840909090909091,0.828828828828829,0.258,0.312,0.394,0.707,0.292,0.152,4.674,0.086,5.862,3.746,1.686,두산,6,4,2,2,3,0,1,54.0,246,59,9,3,2,27,20,36,26,1,3,3,0,0,5,1,232,202,58,41,11,0,6,34,32,19,1,3,33,4,8,5,8,0,0.287,0.345132743,0.430693069,0.775825813,0.311377246,0.146341463,4.555555556,0.105691057,3.333333333,3.621399177,3.621399177,2.528666667,0.124600823,-1.935399177,-0.029,-0.068825813,-0.036693069,-0.033132743,7,-3
330,38,39,0,lose,5/1/24,5/7/24,10,키움,5,1,4,1,2,0,1,43.2,197,55,10,4,5,30,30,25,14,1,2,3,0,0,1,1,3,6.0,0.69,3.58,39.4,191,176,44,33,7,1,3,18,17,11,0,1,33,2,3,5,2,0,0.8,0.757575757575758,0.784090909090909,0.25,0.291,0.352,0.643,0.289,0.127,4.56,0.071,6.25,4.038,1.597,두산,5,3,2,2,2,0,1,45.0,198,49,7,3,3,23,18,25,16,1,3,3,0,0,4,1,193,172,49,34,10,1,4,26,24,15,2,2,27,1,4,5,6,0,0.285,0.347368421,0.424418605,0.771787026,0.316901408,0.126262626,4.4,0.080808081,3.6,3.382716049,3.382716049,2.65,0.655283951,-1.785716049,-0.035,-0.128787026,-0.072418605,-0.056368421,-2,-5
340,39,40,0,lose,5/2/24,5/8/24,10,키움,5,0,5,0,0,0,1,43.2,200,58,9,3,6,33,32,22,13,1,4,3,0,0,3,1,0,6.6,0.76,3.45,33.33,180,167,37,29,4,1,3,13,12,8,0,1,34,1,4,5,2,0,0.637931034482759,0.647058823529412,0.641304347826087,0.222,0.256,0.311,0.567,0.26,0.11,4.63,0.065,6.667,4.141,1.644,두산,5,4,1,2,3,0,2,45.0,189,43,7,3,2,15,14,22,15,1,2,2,0,0,3,1,198,180,55,39,11,1,4,30,27,12,2,3,26,1,3,5,8,0,0.306,0.353846154,0.444444444,0.798290598,0.337748344,0.116402116,4.2,0.079365079,2.8,2.839506173,2.839506173,3.867,1.301493827,-1.195506173,-0.084,-0.231290598,-0.133444444,-0.097846154,-18,-18
350,40,41,0,lose,5/3/24,5/9/24,10,키움,5,0,5,0,0,0,2,44.2,206,63,11,1,5,32,31,25,13,1,3,3,0,0,3,1,0,6.4,0.72,3.27,41.2,175,165,33,26,3,1,3,10,9,6,0,1,29,1,3,4,1,0,0.523809523809524,0.862068965517241,0.630434782608696,0.2,0.227,0.285,0.512,0.224,0.121,4.661,0.063,6.312,3.871,1.719,한화,4,1,3,0,0,0,1,33.0,165,51,9,2,6,36,34,36,16,1,1,2,0,0,3,0,153,140,35,26,5,0,4,12,12,11,0,0,37,1,2,1,1,0,0.25,0.302631579,0.371428571,0.67406015,0.31,0.218181818,5.0,0.096969697,9.272727273,6.666666667,6.666666667,-2.960727273,-2.795666667,-4.947666667,-0.05,-0.16206015,-0.086428571,-0.075631579,22,-2
360,41,42,1,win,5/4/24,5/10/24,10,키움,5,0,5,0,1,1,1,44.0,215,73,10,1,5,35,34,26,14,1,3,7,0,0,3,1,1,7.0,0.8,2.95,43.0,182,171,41,34,4,1,2,13,12,7,0,1,31,1,3,6,1,0,0.561643835616438,0.838709677419355,0.644230769230769,0.24,0.268,0.31,0.578,0.281,0.121,4.886,0.065,6.955,4.015,1.977,한화,4,1,3,0,0,0,1,34.0,172,56,10,2,5,38,35,34,16,1,0,2,0,0,3,0,160,147,39,33,3,0,3,13,12,12,0,0,37,1,1,1,1,0,0.265,0.31875,0.346938776,0.665688776,0.333333333,0.197674419,5.058823529,0.093023256,9.264705882,5.91503268,5.91503268,-2.309705882,-1.90003268,-3.93803268,-0.025,-0.087688776,-0.036938776,-0.05075,22,2
370,42,43,0,lose,5/5/24,5/11/24,10,키움,5,1,4,0,2,1,2,45.0,213,65,8,1,5,30,29,25,13,1,3,6,0,0,4,1,2,6.0,0.67,3.28,42.6,192,175,44,35,6,0,3,18,17,11,0,4,38,0,2,6,0,0,0.676923076923077,0.657894736842105,0.669902912621359,0.251,0.296,0.337,0.633,0.306,0.117,4.733,0.061,5.8,3.802,1.733,한화,4,1,3,0,0,0,1,35.0,176,52,9,2,4,35,32,41,17,0,3,3,0,0,3,0,159,146,38,32,3,0,3,12,11,12,0,0,34,1,1,2,2,0,0.26,0.314465409,0.342465753,0.656931162,0.318181818,0.232954545,5.028571429,0.096590909,8.228571429,5.873015873,5.873015873,-2.428571429,-2.071015873,-4.140015873,-0.009,-0.023931162,-0.005465753,-0.018465409,33,6
380,43,44,1,win,5/7/24,5/12/24,10,키움,6,1,5,0,2,1,2,53.0,252,74,11,1,5,38,35,35,17,1,4,8,0,0,4,2,2,6.33,0.72,3.41,50.4,229,208,53,43,6,0,4,21,20,14,0,4,41,1,3,6,0,0,0.716216216216216,0.853658536585366,0.765217391304348,0.255,0.3,0.341,0.642,0.299,0.139,4.755,0.067,5.943,3.899,1.717,LG,6,5,1,4,6,0,3,54.0,231,44,9,0,2,16,16,58,24,2,4,3,0,0,8,1,233,196,51,39,5,2,5,30,26,29,3,5,38,2,3,4,10,0,0.26,0.360869565,0.382653061,0.743522626,0.296774194,0.251082251,4.277777778,0.103896104,2.666666667,4.403292181,4.403292181,3.276333333,-0.504292181,-2.686292181,-0.005,-0.101522626,-0.041653061,-0.060869565,-4,2
395,45,46,1,win,5/9/24,5/15/24,5,키움,5,2,3,0,3,1,2,44.0,198,47,6,0,2,19,17,34,17,0,1,7,0,0,2,2,3,3.8,0.43,4.21,99.0,205,184,53,43,7,0,3,21,19,14,0,4,39,3,3,2,2,0,1.12765957446809,0.871794871794872,1.01162790697674,0.288,0.333,0.375,0.708,0.345,0.172,4.5,0.086,3.477,3.662,1.455,LG,5,4,1,3,4,0,4,45.0,194,42,8,0,1,12,9,40,17,2,3,2,0,0,4,1,194,167,41,32,4,1,4,20,18,23,2,3,31,0,1,3,5,0,0.246,0.34375,0.353293413,0.697043413,0.28030303,0.206185567,4.311111111,0.087628866,1.8,3.555555556,3.555555556,1.677,0.106444444,-2.100555556,0.042,0.010956587,0.021706587,-0.01075,11,12
403,46,47,0,lose,5/10/24,5/16/24,3,키움,5,3,2,1,6,1,1,44.0,201,44,7,0,2,19,16,31,25,0,1,7,0,1,4,4,7,3.8,0.43,4.57,100.5,215,185,58,47,9,0,2,25,23,17,0,7,40,4,6,3,2,0,1.31818181818182,0.775,1.05952380952381,0.314,0.364,0.395,0.759,0.381,0.154,4.568,0.124,3.273,4.116,1.568,SSG,5,3,2,2,4,2,1,44.0,197,49,7,0,7,25,20,40,20,2,1,0,0,0,7,2,204,178,46,28,11,1,6,29,27,20,1,4,35,2,2,1,4,0,0.258,0.333333333,0.43258427,0.765917603,0.287769784,0.203045685,4.477272727,0.101522843,4.090909091,5.833333333,5.833333333,-0.817909091,-1.717333333,-4.265333333,0.056,-0.006917603,-0.03758427,0.030666667,11,12
412,47,48,0,lose,5/11/24,5/17/24,2,키움,5,3,2,1,5,0,1,44.0,195,37,8,0,2,19,16,34,28,0,2,3,0,1,5,5,6,3.8,0.43,5.27,97.5,212,179,56,45,8,1,2,25,23,19,0,7,40,4,7,1,4,0,1.51351351351351,0.85,1.16883116883117,0.313,0.371,0.402,0.774,0.383,0.174,4.432,0.144,3.273,4.495,1.477,SSG,5,3,2,2,3,1,1,44.0,199,49,6,1,6,27,22,40,22,2,1,1,0,0,6,2,208,174,45,27,10,1,7,30,28,25,1,4,38,3,5,1,4,0,0.259,0.349753695,0.448275862,0.798029557,0.287878788,0.201005025,4.522727273,0.110552764,4.5,5.656565657,5.656565657,-1.227,-1.161565657,-4.179565657,0.054,-0.024029557,-0.046275862,0.021246305,4,11
426,48,49,1,win,5/12/24,5/18/24,6,키움,5,2,3,1,4,0,0,44.0,196,38,8,1,1,21,18,40,29,0,2,3,0,1,6,5,5,4.2,0.48,5.16,196.0,205,174,51,42,7,1,1,18,16,20,1,4,35,4,7,1,4,0,1.34210526315789,1.14285714285714,1.24657534246575,0.293,0.362,0.362,0.724,0.352,0.204,4.455,0.148,3.682,4.545,1.523,SSG,6,4,2,3,5,1,1,53.0,238,55,8,1,6,27,22,48,28,3,1,1,0,0,6,2,245,206,52,32,11,2,7,33,31,29,1,4,49,4,6,2,6,0,0.252,0.341666667,0.427184466,0.768851133,0.292207792,0.201680672,4.490566038,0.117647059,3.735849057,5.408805031,5.408805031,-0.053849057,-0.863805031,-3.885805031,0.041,-0.044851133,-0.065184466,0.020333333,-40,-1
432,49,50,0,lose,5/14/24,5/19/24,2,키움,5,3,2,1,6,0,0,45.0,197,36,7,1,1,16,15,38,30,0,2,2,0,1,7,4,7,3.2,0.36,5.47,197.0,209,177,55,45,7,1,2,25,23,21,1,4,37,3,7,1,4,0,1.52777777777778,1.02702702702703,1.27397260273973,0.311,0.381,0.395,0.777,0.376,0.193,4.378,0.152,3.0,4.42,1.467,NC,6,2,3,1,3,2,3,54.2,231,48,6,1,4,25,25,49,18,1,2,0,0,0,6,1,260,209,60,46,11,1,2,32,32,31,0,12,39,3,8,6,3,0,0.287,0.374485597,0.377990431,0.752476027,0.339181287,0.212121212,4.26199262,0.077922078,4.151291513,4.18204182,4.18204182,-1.151291513,0.23795818,-2.71504182,0.024,0.024523973,0.017009569,0.006514403,-51,-5
446,50,51,0,lose,5/15/24,5/21/24,6,키움,5,2,3,1,5,0,0,45.0,201,41,9,1,2,21,18,36,28,0,2,3,0,1,7,3,6,4.2,0.47,4.9,100.5,207,177,53,43,7,1,2,23,22,21,1,3,34,2,6,1,2,0,1.29268292682927,1.05882352941176,1.18666666666667,0.299,0.373,0.384,0.757,0.357,0.179,4.467,0.139,3.6,4.494,1.533,NC,6,3,3,2,7,1,2,51.2,224,50,6,1,2,23,22,39,17,0,1,0,0,0,4,1,242,199,56,40,12,1,3,32,32,28,0,8,33,4,7,5,3,0,0.281,0.363636364,0.396984925,0.760621288,0.317365269,0.174107143,4.375,0.075892857,3.8671875,3.363715278,3.363715278,-0.2671875,1.130284722,-1.830715278,0.018,-0.003621288,-0.012984925,0.009363636,-35,-3
457,51,52,1,win,5/16/24,5/22/24,7,키움,6,2,4,1,5,0,1,54.0,240,52,10,1,4,25,22,43,29,0,3,4,0,1,8,3,6,4.17,0.46,4.62,60.0,247,213,63,51,9,1,2,26,25,24,1,3,39,2,7,1,2,0,1.21153846153846,1.1025641025641,1.16483516483516,0.296,0.367,0.376,0.742,0.351,0.179,4.444,0.121,3.667,4.63,1.5,NC,6,3,3,3,8,2,2,54.0,236,54,8,1,2,25,24,38,20,0,1,0,0,0,4,1,233,197,47,34,7,1,5,20,20,22,0,8,34,3,6,6,3,0,0.239,0.310810811,0.360406091,0.671216902,0.260869565,0.161016949,4.37037037,0.084745763,4.0,3.333333333,3.333333333,-0.333,1.296666667,-1.833333333,0.057,0.070783098,0.015593909,0.056189189,14,16
468,52,53,0,lose,5/17/24,5/23/24,8,키움,6,2,4,1,3,1,2,54.0,233,47,7,1,6,24,20,47,22,0,6,3,0,0,6,2,4,4.0,0.44,4.96,38.83,234,207,59,47,8,1,3,26,25,22,1,0,40,2,5,3,2,0,1.25531914893617,1.175,1.2183908045977,0.285,0.353,0.377,0.73,0.337,0.202,4.315,0.094,3.333,4.897,1.278,KT,6,3,3,1,2,1,1,55.0,242,55,8,2,4,34,30,51,22,0,5,0,2,0,3,3,264,219,63,43,16,1,3,39,35,34,2,4,52,4,7,2,4,0,0.288,0.382239382,0.410958904,0.793198286,0.357142857,0.210743802,4.4,0.090909091,4.909090909,4.444444444,4.444444444,-1.576090909,0.452555556,-3.166444444,-0.003,-0.063198286,-0.033958904,-0.029239382,-30,-4
477,53,54,0,lose,5/18/24,5/24/24,7,키움,6,2,4,1,3,1,2,54.0,231,46,7,1,8,24,20,45,21,0,5,3,0,0,6,1,4,4.0,0.44,5.02,28.88,236,210,58,46,9,0,3,26,25,22,2,0,36,2,4,3,1,0,1.26086956521739,1.25,1.25609756097561,0.276,0.347,0.362,0.709,0.318,0.195,4.278,0.091,3.333,5.288,1.241,KT,6,4,2,1,2,1,1,56.0,234,51,9,1,4,25,25,46,16,1,3,1,1,0,3,0,258,215,59,38,15,1,5,39,36,32,2,4,51,4,7,2,6,0,0.274,0.367588933,0.423255814,0.790844747,0.331288344,0.196581197,4.178571429,0.068376068,4.017857143,3.80952381,3.80952381,-0.684857143,1.47847619,-2.56852381,0.002,-0.081844747,-0.061255814,-0.020588933,-22,-1
499,55,56,1,win,5/21/24,5/26/24,9,키움,5,1,4,1,1,1,2,44.0,191,42,5,0,9,23,18,29,16,0,4,2,0,0,6,2,2,4.6,0.52,4.55,21.22,191,174,46,37,8,0,1,18,17,14,1,0,35,2,3,4,1,0,1.0952380952381,0.828571428571429,0.974025974025974,0.264,0.319,0.328,0.647,0.321,0.152,4.341,0.084,3.682,5.631,1.318,삼성,6,2,4,1,6,1,1,54.0,252,68,17,3,3,39,34,48,22,1,4,2,0,0,6,2,244,215,56,43,9,2,2,28,28,21,0,3,49,4,5,2,5,0,0.26,0.320833333,0.348837209,0.669670543,0.321428571,0.19047619,4.666666667,0.087301587,5.666666667,4.135802469,4.135802469,-1.984666667,1.495197531,-2.817802469,0.004,-0.022670543,-0.020837209,-0.001833333,-53,-10
507,56,57,1,win,5/22/24,5/28/24,7,키움,5,2,3,2,2,1,3,44.0,190,40,4,0,9,21,17,34,15,0,5,1,0,0,6,2,4,4.2,0.48,4.75,21.11,188,171,43,34,8,0,1,19,19,14,1,1,38,1,2,4,1,0,1.075,0.894736842105263,0.987179487179487,0.251,0.31,0.316,0.626,0.316,0.179,4.318,0.079,3.477,5.808,1.25,삼성,6,2,4,1,6,1,1,52.0,240,65,16,3,3,35,32,47,19,0,4,3,0,0,3,2,236,208,51,39,8,2,2,26,25,20,0,3,49,3,5,2,5,0,0.245,0.307359307,0.331730769,0.639090077,0.30625,0.195833333,4.615384615,0.079166667,5.538461538,4.05982906,4.05982906,-2.061461538,1.74817094,-2.80982906,0.006,-0.013090077,-0.015730769,0.002640693,-48,-8
515,57,58,0,lose,5/23/24,5/29/24,5,키움,5,3,2,2,2,1,2,44.0,189,41,4,0,11,22,18,32,15,0,5,0,0,0,6,3,4,4.4,0.5,4.61,17.18,198,181,51,41,7,0,3,27,27,14,1,2,38,1,1,4,3,0,1.24390243902439,0.842105263157895,1.05063291139241,0.282,0.335,0.37,0.705,0.34,0.169,4.295,0.079,3.682,6.364,1.273,삼성,6,1,5,0,4,1,0,52.0,252,79,15,3,5,45,40,40,16,0,4,3,0,0,4,1,244,217,58,44,8,1,5,28,27,20,0,4,44,2,3,5,6,0,0.267,0.326359833,0.382488479,0.708848312,0.311764706,0.158730159,4.846153846,0.063492063,6.923076923,4.123931624,4.123931624,-3.241076923,2.240068376,-2.850931624,0.015,-0.003848312,-0.012488479,0.008640167,-46,-7
526,58,59,0,lose,5/24/24,5/30/24,6,키움,5,2,3,1,1,0,1,43.0,187,42,4,0,10,22,20,31,17,0,3,0,1,0,7,2,2,4.4,0.51,4.45,18.7,202,187,51,42,7,0,2,23,23,13,1,2,34,0,0,2,3,0,1.21428571428571,0.911764705882353,1.07894736842105,0.273,0.323,0.342,0.666,0.325,0.166,4.349,0.091,4.186,6.279,1.372,SSG,5,1,4,0,1,0,1,46.0,206,44,5,0,6,33,27,41,28,1,1,2,0,0,3,4,197,170,48,36,9,2,1,24,22,17,1,3,39,3,7,6,6,0,0.282,0.345549738,0.376470588,0.722020326,0.353383459,0.199029126,4.47826087,0.13592233,5.282608696,5.893719807,5.893719807,-1.096608696,0.385280193,-4.521719807,-0.009,-0.056020326,-0.034470588,-0.022549738,5,3
536,59,60,0,lose,5/25/24,5/31/24,6,키움,5,2,3,1,1,0,1,43.0,189,44,4,0,8,21,19,29,13,0,6,0,1,0,7,2,2,4.2,0.49,4.3,23.63,195,180,46,37,6,0,3,21,21,13,0,2,41,0,0,2,2,0,1.04545454545455,0.707317073170732,0.882352941176471,0.256,0.306,0.339,0.645,0.316,0.153,4.395,0.069,3.977,5.194,1.326,SSG,5,2,3,1,3,0,2,46.0,202,36,5,0,4,28,22,39,31,1,1,2,0,0,2,3,197,171,47,34,9,2,2,23,22,16,1,4,36,2,6,6,7,0,0.275,0.336842105,0.385964912,0.722807018,0.333333333,0.193069307,4.391304348,0.153465347,4.304347826,5.38647343,5.38647343,-0.327347826,-0.19247343,-4.06047343,-0.019,-0.077807018,-0.046964912,-0.030842105,-2,-1
546,60,61,0,lose,5/26/24,6/1/24,6,키움,5,2,3,1,1,0,1,44.0,194,45,5,0,11,25,21,34,12,0,6,1,1,0,6,1,2,5.0,0.57,4.31,17.64,197,177,44,36,5,0,3,19,19,18,0,2,38,0,0,3,3,0,0.977777777777778,0.894736842105263,0.939759036144578,0.249,0.318,0.328,0.646,0.301,0.175,4.409,0.062,4.295,6.237,1.295,SSG,5,3,2,1,3,0,2,45.0,198,32,3,0,3,24,18,40,34,0,1,2,0,0,2,2,198,174,48,31,10,1,6,30,29,16,0,4,37,1,4,5,9,0,0.276,0.335078534,0.448275862,0.783354396,0.318181818,0.202020202,4.4,0.171717172,3.6,5.456790123,5.456790123,0.695,0.780209877,-4.161790123,-0.027,-0.137354396,-0.120275862,-0.017078534,-1,-4
557,61,62,1,win,5/28/24,6/2/24,7,키움,6,2,4,1,1,0,1,53.0,234,53,6,0,13,31,27,42,19,0,6,2,1,0,8,1,2,5.17,0.58,4.42,18.0,235,210,52,43,6,0,3,21,21,21,0,4,45,0,0,4,4,0,0.981132075471698,0.933333333333333,0.959183673469388,0.248,0.316,0.319,0.635,0.302,0.179,4.415,0.081,4.585,6.499,1.358,LG,6,5,1,2,3,1,5,55.0,232,53,10,1,4,26,23,48,16,0,2,2,0,0,10,0,262,218,64,45,8,2,9,45,43,35,0,3,41,3,6,4,10,0,0.294,0.38671875,0.472477064,0.859195814,0.321637427,0.206896552,4.218181818,0.068965517,3.763636364,3.95959596,3.95959596,0.821363636,2.53940404,-2.60159596,-0.046,-0.224195814,-0.153477064,-0.07071875,-27,-12
568,62,63,0,lose,5/29/24,6/4/24,8,키움,6,2,4,0,0,0,1,53.0,233,54,6,0,13,31,27,41,20,0,5,2,1,0,8,1,0,5.17,0.58,4.31,17.92,249,218,64,55,6,0,3,28,26,27,0,3,43,1,1,7,5,0,1.18518518518519,0.953488372093023,1.08247422680412,0.294,0.37,0.362,0.732,0.353,0.176,4.396,0.086,4.585,6.52,1.396,LG,6,4,2,1,3,1,4,55.0,248,68,11,1,4,32,29,40,20,0,1,3,0,0,11,0,256,218,63,45,8,2,8,41,39,29,0,3,46,3,6,4,10,0,0.289,0.368,0.45412844,0.82212844,0.329341317,0.161290323,4.509090909,0.080645161,4.745454545,3.878787879,3.878787879,-0.160454545,2.641212121,-2.482787879,0.005,-0.09012844,-0.09212844,0.002,-7,1
579,63,64,0,lose,5/30/24,6/5/24,9,키움,6,1,5,0,1,1,1,52.0,235,50,6,0,9,30,26,40,27,2,4,2,1,0,10,0,1,5.0,0.58,4.7,26.11,239,203,53,46,5,0,2,19,17,31,0,4,46,1,1,9,6,0,1.06,0.869565217391304,0.96875,0.261,0.357,0.315,0.673,0.327,0.17,4.519,0.115,4.5,5.94,1.481,LG,6,4,2,2,3,1,3,55.0,249,64,7,1,5,30,27,41,25,0,3,3,0,0,13,1,245,212,60,41,9,2,8,32,31,26,2,2,44,2,5,5,13,0,0.283,0.363636364,0.45754717,0.821183533,0.320987654,0.164658635,4.527272727,0.100401606,4.418181818,4.484848485,4.484848485,0.081818182,1.455151515,-3.003848485,-0.022,-0.148183533,-0.14254717,-0.006636364,-6,-7
589,64,65,1,win,5/31/24,6/6/24,9,키움,6,1,5,0,1,1,1,52.0,239,54,9,0,8,34,29,35,30,2,3,4,1,0,11,3,1,5.67,0.65,4.43,29.88,241,203,55,48,5,0,2,21,19,31,0,5,49,2,2,10,6,0,1.01851851851852,0.714285714285714,0.87378640776699,0.271,0.364,0.325,0.69,0.344,0.146,4.596,0.126,5.019,5.641,1.615,삼성,6,4,2,4,5,0,3,52.0,221,48,6,0,4,22,18,35,17,0,5,1,0,1,11,2,224,192,46,34,8,0,4,21,20,21,0,6,55,2,5,3,6,0,0.24,0.311627907,0.34375,0.655377907,0.311111111,0.158371041,4.25,0.076923077,3.115384615,3.696581197,3.696581197,1.903615385,1.944418803,-2.081581197,0.031,0.034622093,-0.01875,0.052372093,17,9
598,65,66,1,win,6/1/24,6/7/24,8,키움,6,2,4,1,2,1,1,52.0,237,58,10,0,8,35,30,32,28,2,1,4,1,0,10,4,3,5.83,0.67,4.09,29.63,248,207,63,51,9,0,3,26,24,32,1,6,39,3,3,10,6,0,1.08620689655172,0.820512820512821,0.979381443298969,0.304,0.395,0.391,0.786,0.357,0.135,4.558,0.118,5.192,5.385,1.654,삼성,6,3,3,3,4,1,3,51.0,224,52,10,0,5,23,22,32,18,1,5,1,0,1,10,1,223,195,46,33,9,0,4,18,17,19,0,4,50,2,5,3,4,0,0.236,0.300925926,0.343589744,0.64451567,0.293706294,0.142857143,4.392156863,0.080357143,3.882352941,3.986928105,3.986928105,1.309647059,1.398071895,-2.332928105,0.068,0.14148433,0.047410256,0.094074074,25,17
606,66,67,0,lose,6/2/24,6/8/24,6,키움,6,3,3,1,2,1,2,52.0,235,58,8,0,4,29,26,33,26,2,3,3,1,0,8,4,3,4.83,0.56,4.05,58.75,249,209,67,51,12,0,4,36,34,29,1,7,33,4,4,8,5,0,1.1551724137931,1.0,1.0989010989011,0.321,0.399,0.435,0.835,0.358,0.14,4.519,0.111,4.5,4.188,1.615,삼성,6,2,4,2,2,1,2,50.0,224,55,12,0,5,29,29,32,19,1,5,1,0,1,9,1,227,202,49,40,7,0,2,15,14,16,0,6,51,1,3,5,2,0,0.243,0.296803653,0.306930693,0.603734346,0.313333333,0.142857143,4.48,0.084821429,5.22,4.133333333,4.133333333,-0.72,0.054666667,-2.518333333,0.078,0.231265654,0.128069307,0.102196347,22,18
616,67,68,1,win,6/4/24,6/9/24,6,키움,6,3,3,1,2,1,2,52.0,237,59,8,0,3,30,27,39,25,2,4,3,1,0,6,5,3,5.0,0.58,4.02,79.0,250,211,66,49,13,0,4,35,33,30,1,5,32,4,4,7,4,0,1.11864406779661,1.21875,1.15384615384615,0.313,0.394,0.431,0.826,0.346,0.165,4.558,0.105,4.673,4.103,1.615,롯데,6,4,2,2,4,1,2,53.0,221,51,13,2,5,23,22,35,16,0,2,3,0,0,3,0,227,203,62,43,11,4,4,36,34,17,0,3,35,3,4,7,5,0,0.305,0.35426009,0.458128079,0.812388169,0.347305389,0.158371041,4.169811321,0.07239819,3.735849057,3.836477987,3.836477987,0.937150943,0.266522013,-2.221477987,0.008,0.013611831,-0.027128079,0.03973991,23,4
627,68,69,0,lose,6/5/24,6/11/24,7,키움,6,3,3,1,5,1,1,52.0,236,56,9,0,2,29,27,38,27,2,4,3,1,0,6,5,6,4.83,0.56,4.21,118.0,238,202,55,38,12,1,4,29,29,26,1,7,39,3,3,4,3,0,0.982142857142857,0.974358974358974,0.978947368421053,0.272,0.353,0.401,0.754,0.315,0.161,4.538,0.114,4.673,3.91,1.596,롯데,6,3,3,2,4,1,2,53.0,231,56,12,3,5,28,27,38,20,0,4,3,0,1,3,0,222,198,53,35,12,4,2,32,30,19,0,2,38,2,3,4,5,0,0.268,0.328767123,0.398989899,0.727757022,0.31875,0.164502165,4.358490566,0.086580087,4.58490566,4.213836478,4.213836478,0.08809434,-0.303836478,-2.617836478,0.004,0.026242978,0.002010101,0.024232877,16,2
634,69,70,0,lose,6/6/24,6/12/24,4,키움,6,3,3,1,4,0,1,52.0,232,60,12,0,4,34,30,35,20,0,4,3,1,0,3,6,5,5.67,0.65,3.87,58.0,236,203,54,35,14,1,4,29,29,24,1,5,41,3,4,2,0,0,0.9,0.853658536585366,0.881188118811881,0.266,0.342,0.404,0.746,0.311,0.151,4.462,0.086,5.192,3.889,1.538,롯데,6,3,3,3,3,1,3,53.0,234,55,13,3,6,27,26,44,24,0,4,2,0,1,3,0,214,194,53,32,14,3,4,32,30,16,0,1,32,3,3,5,3,0,0.273,0.323943662,0.43814433,0.762087992,0.304347826,0.188034188,4.41509434,0.102564103,4.41509434,4.98951782,4.98951782,0.77690566,-1.10051782,-3.45151782,-0.007,-0.016087992,-0.03414433,0.018056338,22,1
646,70,71,0,lose,6/7/24,6/13/24,6,키움,6,3,3,1,4,0,1,52.0,240,70,14,1,6,44,41,35,16,0,4,2,0,0,2,3,5,7.33,0.85,3.43,40.0,244,204,56,36,14,1,5,35,35,28,1,5,39,5,7,0,0,0,0.8,0.897435897435897,0.834862385321101,0.275,0.357,0.426,0.784,0.309,0.146,4.615,0.067,7.096,4.188,1.654,두산,6,3,3,2,4,0,1,56.0,261,73,11,4,4,37,37,37,26,0,2,3,1,1,4,2,237,215,64,51,7,2,4,30,26,16,1,2,38,2,4,7,9,0,0.298,0.346153846,0.404651163,0.750805009,0.342857143,0.141762452,4.660714286,0.099616858,5.946428571,4.047619048,4.047619048,1.149571429,0.140380952,-2.393619048,-0.023,0.033194991,0.021348837,0.010846154,7,-8
660,71,72,0,lose,6/8/24,6/14/24,10,키움,6,2,4,0,3,0,1,52.0,242,71,16,1,6,45,42,39,16,1,4,2,0,0,1,3,3,7.5,0.87,3.41,40.33,239,204,53,37,11,1,4,32,32,25,0,4,40,4,6,1,0,0,0.746478873239437,0.975,0.828828828828829,0.26,0.335,0.382,0.717,0.299,0.161,4.654,0.066,7.269,4.359,1.673,두산,6,3,3,3,5,1,2,54.0,246,67,12,3,4,36,35,35,23,0,2,1,1,1,1,2,229,210,62,47,10,2,3,30,27,14,1,1,39,2,4,5,5,0,0.295,0.339207048,0.404761905,0.743968953,0.347058824,0.142276423,4.555555556,0.093495935,5.833333333,3.930041152,3.930041152,1.435666667,0.428958848,-2.257041152,-0.035,-0.026968953,-0.022761905,-0.004207048,10,-9
670,72,73,1,win,6/9/24,6/15/24,10,키움,6,1,5,0,3,0,1,52.0,243,72,18,1,6,46,44,37,18,1,3,2,0,0,3,4,3,7.67,0.88,3.38,40.5,236,206,51,39,8,1,3,23,23,21,0,3,47,3,6,1,0,0,0.708333333333333,0.787234042553191,0.739495798319328,0.248,0.313,0.34,0.653,0.302,0.152,4.673,0.074,7.615,4.402,1.731,두산,6,3,3,3,3,1,2,54.0,236,59,9,3,2,29,28,41,19,0,1,1,1,1,1,1,229,209,63,49,10,2,2,25,22,12,1,2,39,2,6,6,5,0,0.301,0.339285714,0.397129187,0.736414901,0.358823529,0.173728814,4.37037037,0.080508475,4.666666667,3.395061728,3.395061728,2.948333333,1.006938272,-1.664061728,-0.053,-0.083414901,-0.057129187,-0.026285714,7,-12
679,73,74,0,lose,6/11/24,6/16/24,9,키움,6,2,4,0,3,0,2,52.0,233,67,19,1,5,41,39,26,13,1,2,1,0,0,3,3,3,6.83,0.79,3.48,46.6,240,206,56,42,7,2,5,30,30,24,0,3,51,4,7,1,1,0,0.835820895522388,0.509803921568627,0.694915254237288,0.272,0.342,0.398,0.74,0.331,0.112,4.481,0.056,6.75,3.333,1.538,한화,6,3,3,2,0,1,3,53.0,240,64,9,2,3,34,27,42,19,0,1,4,0,0,5,2,244,210,64,51,12,1,0,25,22,26,0,2,48,2,6,5,2,0,0.305,0.378151261,0.371428571,0.749579832,0.390243902,0.175,4.528301887,0.079166667,4.58490566,3.773584906,3.773584906,2.16509434,-0.440584906,-2.235584906,-0.033,-0.009579832,0.026571429,-0.036151261,-4,-8
690,74,75,0,lose,6/12/24,6/18/24,10,키움,6,1,5,0,0,0,2,51.0,234,70,19,1,5,42,40,22,14,1,2,1,0,0,3,3,0,7.0,0.82,3.34,46.8,231,203,52,39,7,1,5,25,25,20,0,1,48,4,7,1,1,0,0.742857142857143,0.458333333333333,0.627118644067797,0.256,0.317,0.374,0.692,0.305,0.094,4.588,0.06,7.059,3.29,1.647,한화,6,3,3,3,0,1,3,53.0,239,64,10,2,3,33,26,43,17,0,1,4,0,1,5,2,240,207,60,49,10,1,0,22,19,26,0,2,42,3,5,3,2,0,0.29,0.36440678,0.347826087,0.712232867,0.357142857,0.179916318,4.509433962,0.071129707,4.41509434,3.689727463,3.689727463,2.64390566,-0.399727463,-2.042727463,-0.034,-0.020232867,0.026173913,-0.04740678,-9,-8
700,75,76,1,win,6/13/24,6/19/24,10,키움,6,1,5,0,0,0,2,51.0,245,73,18,1,6,47,47,27,20,1,3,3,0,0,4,2,0,7.83,0.92,3.36,40.83,243,215,64,49,9,1,5,34,34,20,0,1,44,5,7,3,1,0,0.876712328767123,0.613636363636364,0.777777777777778,0.298,0.35,0.419,0.769,0.345,0.11,4.804,0.082,8.294,4.183,1.824,한화,6,3,3,3,0,0,2,53.0,252,72,13,2,4,41,34,46,21,0,1,5,0,1,5,1,248,209,64,48,12,1,3,32,28,33,0,3,38,3,3,4,2,0,0.306,0.395918367,0.416267943,0.81218631,0.356725146,0.182539683,4.754716981,0.083333333,5.773584906,4.339622642,4.339622642,2.520415094,-0.156622642,-2.515622642,-0.008,-0.04318631,0.002732057,-0.045918367,-5,0
708,76,77,1,win,6/14/24,6/20/24,8,키움,6,2,4,0,0,0,3,52.0,228,57,13,0,4,29,29,34,18,1,3,2,0,0,3,3,0,4.83,0.56,4.0,57.0,241,217,65,51,8,1,5,31,30,20,0,0,43,2,4,3,2,0,1.14035087719298,0.790697674418605,0.99,0.3,0.356,0.415,0.77,0.351,0.149,4.385,0.079,5.019,3.718,1.442,롯데,6,2,4,1,3,3,1,51.2,250,76,13,3,7,40,38,47,21,2,4,9,1,1,7,2,249,222,65,43,10,1,11,43,37,21,2,1,46,1,4,2,4,0,0.293,0.357723577,0.495495495,0.853219073,0.325301205,0.188,4.8828125,0.084,6.6796875,5.381944444,5.381944444,-1.6606875,-1.663944444,-3.939944444,0.007,-0.083219073,-0.080495495,-0.001723577,-8,0
715,77,78,0,lose,6/15/24,6/21/24,5,키움,6,3,3,1,1,0,4,52.0,224,49,10,0,3,25,25,35,22,0,2,2,0,0,4,2,2,4.17,0.48,4.57,74.67,240,214,67,54,8,1,4,32,31,22,0,0,47,2,4,5,3,0,1.36734693877551,0.74468085106383,1.0625,0.313,0.374,0.416,0.79,0.382,0.156,4.308,0.098,4.327,3.739,1.365,롯데,6,2,4,1,3,3,1,51.2,251,80,13,2,6,40,38,46,19,2,4,9,1,1,6,1,251,222,64,43,10,1,10,42,36,25,2,1,48,1,2,2,5,0,0.288,0.364,0.477477477,0.841477477,0.327272727,0.183266932,4.90234375,0.075697211,6.6796875,4.926215278,4.926215278,-2.3526875,-1.187215278,-3.561215278,0.025,-0.051477477,-0.061477477,0.01,-11,3
725,78,79,0,lose,6/16/24,6/22/24,5,키움,6,3,3,1,1,0,3,52.0,223,45,10,0,3,27,25,33,25,0,1,2,0,0,3,1,2,4.5,0.52,4.96,74.33,240,211,67,52,9,1,5,32,31,24,0,1,43,2,4,7,3,0,1.48888888888889,0.767441860465116,1.13636363636364,0.318,0.384,0.441,0.825,0.376,0.148,4.288,0.112,4.327,3.846,1.346,롯데,6,2,4,0,3,1,2,51.2,244,75,13,2,7,33,31,42,17,2,4,7,1,0,2,0,240,211,54,37,9,1,7,39,32,24,1,1,44,1,3,4,3,0,0.256,0.333333333,0.407582938,0.740916272,0.291925466,0.172131148,4.765625,0.069672131,5.44921875,4.904513889,4.904513889,-1.12221875,-1.058513889,-3.558513889,0.062,0.084083728,0.033417062,0.050666667,0,13
739,79,80,1,win,6/18/24,6/23/24,9,키움,6,2,4,1,1,0,2,52.0,236,54,11,2,3,35,33,34,28,0,2,2,0,0,4,1,2,5.83,0.67,4.37,78.67,237,207,61,49,9,0,3,26,25,24,0,3,44,1,3,9,2,0,1.12962962962963,0.772727272727273,0.969387755102041,0.295,0.366,0.382,0.748,0.36,0.144,4.538,0.119,5.712,4.081,1.577,NC,6,3,3,2,6,0,3,51.0,231,56,7,0,4,33,29,35,26,0,4,1,0,0,6,4,236,214,59,36,10,2,11,34,33,18,1,2,54,0,2,2,2,0,0.276,0.334763948,0.495327103,0.830091051,0.322147651,0.151515152,4.529411765,0.112554113,5.117647059,4.357298475,4.357298475,0.594352941,-0.276298475,-2.780298475,0.019,-0.082091051,-0.113327103,0.031236052,1,2
747,80,81,1,win,6/19/24,6/25/24,7,키움,6,3,3,1,2,1,2,53.0,240,53,10,2,4,37,34,35,31,0,3,2,0,0,7,2,3,6.17,0.7,4.53,60.0,243,211,66,50,13,0,3,32,30,25,0,3,46,2,4,10,2,0,1.24528301886792,0.760869565217391,1.02020202020202,0.313,0.382,0.417,0.799,0.384,0.146,4.528,0.129,5.774,4.507,1.585,NC,6,3,3,2,7,1,3,51.2,228,56,11,0,3,33,27,41,20,0,4,1,0,0,5,4,238,205,53,31,9,1,12,37,36,26,1,3,52,0,4,2,5,0,0.259,0.344827586,0.487804878,0.832632464,0.290780142,0.179824561,4.453125,0.087719298,4.74609375,3.927951389,3.927951389,1.02790625,0.579048611,-2.342951389,0.054,-0.033632464,-0.070804878,0.037172414,5,13
752,81,82,1,win,6/20/24,6/26/24,2,키움,6,4,2,2,2,1,3,54.0,236,44,11,2,1,30,27,44,33,0,3,1,0,0,6,2,4,5.0,0.56,5.36,236.0,238,205,64,47,14,0,3,31,29,24,0,4,47,3,5,8,4,0,1.45454545454545,0.936170212765957,1.18681318681319,0.312,0.379,0.424,0.804,0.386,0.186,4.37,0.14,4.5,4.115,1.426,NC,6,2,4,1,5,1,2,50.2,235,61,14,0,2,38,33,40,23,0,5,2,1,0,6,4,240,203,49,28,11,1,9,37,36,31,1,3,60,0,3,1,4,0,0.241,0.344680851,0.438423645,0.783104496,0.298507463,0.170212766,4.6812749,0.09787234,5.916334661,3.873395308,3.873395308,-1.416334661,0.241604692,-2.447395308,0.071,0.020895504,-0.014423645,0.034319149,-2,15
763,82,83,1,win,6/21/24,6/27/24,3,키움,6,4,2,3,4,1,3,54.0,247,50,12,2,3,37,30,48,35,0,4,1,1,0,7,1,7,6.17,0.69,4.94,82.33,237,203,65,43,17,1,4,33,31,23,0,5,48,3,6,8,3,0,1.3,1.0,1.1530612244898,0.32,0.384,0.473,0.857,0.396,0.194,4.574,0.142,5.0,4.938,1.574,KIA,6,2,3,2,3,3,2,55.0,262,70,16,2,5,45,36,44,28,1,2,1,0,0,3,1,259,221,69,47,13,0,9,41,38,31,0,1,43,0,5,7,1,0,0.312,0.396825397,0.49321267,0.890038067,0.355029586,0.167938931,4.763636364,0.106870229,5.890909091,4.787878788,4.787878788,-0.890909091,0.150121212,-3.213878788,0.008,-0.033038067,-0.02021267,-0.012825397,-22,-4
791,85,86,1,win,6/25/24,6/30/24,1,키움,4,4,0,2,3,1,2,36.0,169,36,10,1,3,25,20,36,23,0,3,2,1,0,5,1,5,6.25,0.69,4.69,56.33,180,156,59,35,18,1,5,42,38,15,0,4,33,3,5,1,3,0,1.63888888888889,1.09090909090909,1.3768115942029,0.378,0.425,0.603,1.028,0.446,0.213,4.694,0.136,5.0,5.556,1.639,LG,5,3,2,1,0,1,2,44.0,181,28,2,0,1,17,11,32,18,0,4,1,0,0,6,0,177,161,37,32,3,0,2,18,17,12,2,2,37,2,2,1,4,0,0.23,0.288135593,0.285714286,0.573849879,0.282258065,0.17679558,4.113636364,0.099447514,2.25,3.308080808,3.308080808,2.75,2.247919192,-1.669080808,0.148,0.454150121,0.317285714,0.136864407,3,22
802,86,87,1,win,6/26/24,7/2/24,2,키움,4,4,0,3,2,0,3,36.0,163,38,10,1,3,22,18,37,16,0,2,2,1,0,4,2,5,5.5,0.61,4.29,54.33,179,153,59,37,15,2,5,40,37,16,0,5,28,3,5,1,4,0,1.55263157894737,1.32142857142857,1.45454545454545,0.386,0.436,0.608,1.044,0.439,0.227,4.528,0.098,4.5,4.969,1.5,LG,5,2,3,1,1,2,2,43.0,191,38,4,1,1,21,15,35,20,0,5,1,0,0,7,0,180,164,38,33,3,0,2,16,15,12,2,2,37,2,2,3,5,0,0.232,0.288888889,0.286585366,0.575474255,0.283464567,0.183246073,4.441860465,0.104712042,3.139534884,3.695090439,3.695090439,1.360465116,1.273909561,-2.195090439,0.154,0.468525745,0.321414634,0.147111111,-1,21
811,87,88,0,lose,6/27/24,7/3/24,1,키움,4,4,0,3,3,0,3,36.0,156,40,9,1,3,16,12,32,9,0,1,1,1,0,6,2,6,4.0,0.44,3.9,52.0,167,147,51,32,13,2,4,34,31,13,0,4,32,1,3,1,4,0,1.275,1.0,1.15277777777778,0.347,0.398,0.544,0.942,0.42,0.205,4.333,0.058,3.0,4.012,1.361,LG,5,1,4,1,1,1,1,42.0,188,41,6,1,1,24,19,34,19,0,4,1,0,0,8,0,183,169,42,35,5,0,2,15,15,11,0,2,36,1,1,4,5,0,0.249,0.29281768,0.313609467,0.606427147,0.303030303,0.180851064,4.476190476,0.10106383,4.071428571,3.650793651,3.650793651,-1.071428571,0.361206349,-2.289793651,0.098,0.335572853,0.230390533,0.10518232,-16,9
823,88,89,1,win,6/28/24,7/4/24,3,키움,4,3,1,2,1,0,3,36.0,154,37,10,1,1,12,12,29,10,0,0,1,0,0,5,2,3,3.0,0.33,4.16,154.0,160,143,41,28,10,1,2,27,25,12,0,4,34,1,1,1,4,0,1.10810810810811,0.852941176470588,0.985915492957746,0.287,0.34,0.413,0.752,0.361,0.188,4.278,0.065,3.0,3.117,1.306,한화,4,1,3,0,1,0,2,37.0,162,43,8,0,2,20,18,38,10,0,1,1,1,0,2,1,159,148,39,33,6,0,0,24,19,8,1,1,34,0,2,1,3,0,0.264,0.305732484,0.304054054,0.609786538,0.342105263,0.234567901,4.378378378,0.061728395,4.378378378,3.963963964,3.963963964,-1.378378378,-0.846963964,-2.657963964,0.023,0.142213462,0.108945946,0.034267516,1,2
832,89,90,0,lose,6/29/24,7/9/24,2,키움,4,3,1,3,1,0,4,36.0,144,34,7,0,3,9,9,34,8,0,0,0,0,0,4,3,4,2.25,0.25,4.24,48.0,142,126,29,20,7,2,0,15,13,12,0,3,31,1,1,2,4,0,0.852941176470588,1.09677419354839,0.969230769230769,0.23,0.295,0.317,0.612,0.302,0.236,4.0,0.056,2.25,4.043,1.167,한화,4,1,3,0,1,1,3,37.0,157,38,6,1,2,19,16,34,11,0,1,1,1,0,1,0,159,146,41,33,6,0,2,23,18,9,1,1,36,0,3,2,2,0,0.281,0.326923077,0.363013699,0.689936776,0.361111111,0.21656051,4.243243243,0.070063694,3.891891892,3.813813814,3.813813814,-1.641891892,0.229186186,-2.646813814,-0.051,-0.077936776,-0.046013699,-0.031923077,-17,-12
843,90,91,1,win,6/30/24,7/10/24,3,키움,5,3,2,3,1,0,5,45.0,185,45,9,0,4,16,16,40,13,0,1,0,0,0,4,3,4,3.2,0.36,4.11,46.25,176,158,35,25,8,2,0,15,13,14,0,3,35,1,1,4,4,0,0.777777777777778,1.14285714285714,0.9375,0.222,0.283,0.297,0.581,0.282,0.216,4.111,0.07,3.2,4.222,1.289,한화,5,2,3,0,1,1,4,46.0,191,44,7,1,2,19,16,38,13,0,1,1,1,0,1,0,200,181,52,41,8,0,3,30,25,14,1,2,42,0,3,4,2,0,0.287,0.341836735,0.38121547,0.723052204,0.360294118,0.19895288,4.152173913,0.068062827,3.130434783,3.405797101,3.405797101,0.069565217,0.816202899,-2.116797101,-0.065,-0.142052204,-0.08421547,-0.058836735,-24,-17
853,91,92,0,lose,7/2/24,7/11/24,3,키움,6,4,2,3,1,0,5,56.0,227,53,10,1,4,20,20,50,15,0,1,0,0,0,4,3,4,3.33,0.36,4.28,56.75,223,199,46,33,11,2,0,20,18,20,1,3,43,1,1,5,5,0,0.867924528301887,1.16279069767442,1.0,0.231,0.303,0.307,0.61,0.293,0.22,4.054,0.066,3.214,3.909,1.214,NC,4,2,2,1,2,0,2,37.0,163,41,8,1,6,22,22,39,13,0,1,1,0,2,2,1,147,139,28,17,3,0,8,16,15,3,0,3,38,0,2,0,2,0,0.201,0.218309859,0.395683453,0.613993312,0.215053763,0.239263804,4.405405405,0.079754601,5.351351351,5.855855856,5.855855856,-2.137351351,-1.946855856,-4.641855856,0.03,-0.003993312,-0.088683453,0.084690141,76,18
868,92,93,0,lose,7/3/24,7/12/24,8,키움,6,3,3,2,1,0,4,55.0,233,59,10,1,7,27,26,52,16,0,3,0,0,0,2,1,3,4.5,0.49,3.95,33.29,220,197,40,29,9,1,1,18,16,21,1,2,46,0,0,5,4,0,0.677966101694915,1.1304347826087,0.876190476190476,0.203,0.283,0.274,0.557,0.26,0.223,4.236,0.069,4.255,4.909,1.364,NC,5,3,2,1,2,0,3,46.0,197,46,8,1,7,24,24,48,16,0,1,2,0,2,2,1,187,175,42,26,4,0,12,25,23,5,0,5,45,0,2,1,2,0,0.24,0.261111111,0.468571429,0.72968254,0.254237288,0.243654822,4.282608696,0.081218274,4.695652174,5.676328502,5.676328502,-0.440652174,-0.767328502,-4.312328502,-0.037,-0.17268254,-0.194571429,0.021888889,33,-2
887,94,95,0,lose,7/9/24,7/14/24,7,키움,5,2,3,1,0,0,2,45.0,202,61,8,1,8,34,33,37,14,0,3,0,0,0,0,2,1,6.8,0.76,3.31,25.25,194,172,41,30,8,1,2,17,15,19,1,2,34,0,1,5,2,0,0.672131147540984,1.08823529411765,0.821052631578947,0.238,0.318,0.331,0.649,0.287,0.183,4.489,0.069,6.6,5.432,1.667,KT,4,3,1,2,2,1,1,37.0,174,42,9,0,3,25,22,37,22,1,3,0,0,0,5,2,167,143,34,24,7,0,3,19,19,18,1,3,36,1,3,3,0,0,0.238,0.325153374,0.34965035,0.674803724,0.295238095,0.212643678,4.702702703,0.126436782,5.351351351,5.375375375,5.375375375,1.248648649,0.056624625,-3.708375375,0.0,-0.025803724,-0.01865035,-0.007153374,27,7
900,95,96,0,lose,7/10/24,7/16/24,10,키움,5,1,4,0,0,0,2,45.0,207,59,8,1,7,35,34,35,19,1,3,0,0,0,1,1,0,7.0,0.78,3.51,29.57,194,176,43,32,8,0,3,15,15,16,1,1,37,0,1,4,1,0,0.728813559322034,0.945945945945946,0.8125,0.244,0.311,0.341,0.652,0.294,0.169,4.6,0.092,6.8,5.383,1.733,KT,5,4,1,3,3,1,2,46.0,210,50,10,0,4,28,25,47,24,1,3,2,0,0,5,3,207,174,42,30,8,0,4,23,23,24,2,3,44,1,6,4,1,0,0.241,0.338308458,0.356321839,0.694630297,0.299212598,0.223809524,4.565217391,0.114285714,4.891304348,5.265700483,5.265700483,1.908695652,0.117299517,-3.532700483,0.003,-0.042630297,-0.015321839,-0.027308458,-13,1
910,96,97,0,lose,7/11/24,7/17/24,10,키움,5,1,4,0,0,0,1,45.0,207,59,8,2,8,37,35,42,16,1,3,0,0,0,2,1,0,7.4,0.82,3.51,25.88,198,178,45,34,7,0,4,17,16,18,1,1,40,0,1,4,1,0,0.76271186440678,1.05,0.878787878787879,0.253,0.325,0.36,0.684,0.306,0.203,4.6,0.077,7.0,5.827,1.667,KT,5,4,1,3,2,0,3,45.0,204,47,6,0,4,24,20,42,25,0,3,3,0,0,4,3,201,175,45,31,8,1,5,25,25,18,2,2,46,1,6,4,2,0,0.257,0.331632653,0.4,0.731632653,0.32,0.205882353,4.533333333,0.12254902,4.0,5.209876543,5.209876543,3.0,0.617123457,-3.542876543,-0.004,-0.047632653,-0.04,-0.006632653,-3,0
920,97,98,0,lose,7/12/24,7/18/24,10,키움,5,0,5,0,0,0,2,44.0,217,63,9,1,10,45,43,39,24,1,4,0,0,0,2,1,0,9.0,1.02,3.44,21.7,202,181,51,42,4,0,5,20,19,16,1,1,38,1,4,3,0,0,0.80952380952381,1.02631578947368,0.891089108910891,0.282,0.342,0.387,0.728,0.331,0.18,4.932,0.111,8.795,7.071,1.977,SSG,4,2,2,0,0,1,1,34.0,173,43,9,0,7,40,34,17,24,3,2,5,0,0,5,0,182,156,55,41,10,1,3,42,41,20,0,3,24,2,2,5,5,0,0.353,0.421348315,0.487179487,0.908527802,0.396946565,0.098265896,5.088235294,0.138728324,9.0,6.437908497,6.437908497,-0.205,0.633091503,-4.460908497,-0.071,-0.180527802,-0.100179487,-0.079348315,20,-4
940,99,100,1,win,7/14/24,7/20/24,10,키움,4,0,4,0,0,0,2,36.0,176,44,6,1,9,34,33,31,22,1,3,2,0,0,4,0,0,8.5,0.94,4.0,19.56,156,140,36,31,1,0,4,16,15,12,1,1,36,1,3,4,0,0,0.818181818181818,0.861111111111111,0.8375,0.257,0.318,0.35,0.668,0.317,0.176,4.889,0.125,8.25,7.562,1.833,SSG,3,1,2,0,0,1,2,25.0,120,28,5,0,4,28,26,20,17,3,1,3,0,0,2,0,128,108,37,27,5,0,5,22,21,15,0,3,16,2,2,4,5,0,0.343,0.416,0.527777778,0.943777778,0.359550562,0.166666667,4.8,0.141666667,9.36,6.355555556,6.355555556,-1.11,1.206444444,-4.522555556,-0.086,-0.275777778,-0.177777778,-0.098,28,-1
948,100,101,0,lose,7/16/24,7/21/24,8,키움,5,1,4,0,1,0,3,45.0,210,51,7,2,9,36,35,39,22,1,3,2,0,0,4,0,1,7.2,0.8,4.12,23.33,191,168,41,34,1,0,6,23,22,15,1,2,43,3,6,5,0,0,0.803921568627451,0.906976744186047,0.851063829787234,0.244,0.305,0.357,0.662,0.287,0.186,4.667,0.105,7.0,6.444,1.622,두산,5,1,4,1,3,1,2,42.2,192,43,6,2,6,34,34,25,21,0,6,1,0,2,6,1,180,167,33,25,4,0,4,15,15,9,2,3,48,1,1,4,5,0,0.198,0.245810056,0.293413174,0.53922323,0.25,0.130208333,4.549763033,0.109375,7.251184834,5.028962612,5.028962612,-0.251184834,1.415037388,-3.406962612,0.046,0.12277677,0.063586826,0.059189944,11,8
959,101,102,0,lose,7/17/24,7/23/24,9,키움,5,1,4,0,1,0,2,44.0,207,55,7,2,9,38,37,34,19,1,3,3,0,0,6,0,1,7.6,0.86,3.76,23.0,188,163,38,32,1,0,5,23,22,15,1,3,44,4,7,6,1,0,0.690909090909091,0.772727272727273,0.727272727272727,0.233,0.295,0.331,0.626,0.28,0.164,4.705,0.092,7.568,6.111,1.682,두산,5,2,3,2,6,1,2,43.2,190,39,6,2,5,33,33,34,19,0,6,3,0,0,7,2,186,171,43,33,5,0,5,21,21,10,3,3,40,1,2,5,8,0,0.251,0.302702703,0.368421053,0.671123755,0.299212598,0.178947368,4.398148148,0.1,6.875,4.886831276,4.886831276,0.693,1.224168724,-3.204831276,-0.018,-0.045123755,-0.037421053,-0.007702703,2,-5
970,102,103,1,win,7/18/24,7/24/24,10,키움,5,1,4,0,1,0,2,43.0,206,55,8,1,8,36,36,26,25,1,2,4,0,0,6,1,1,7.2,0.84,3.75,25.75,189,162,37,29,2,1,5,25,25,17,1,3,49,4,7,5,2,0,0.672727272727273,0.530612244897959,0.605769230769231,0.228,0.299,0.346,0.645,0.286,0.126,4.791,0.121,7.535,5.969,1.86,두산,5,3,2,3,6,0,2,43.0,189,40,6,3,5,31,31,37,20,0,6,3,0,0,7,2,177,161,43,30,7,0,6,26,26,12,1,2,33,1,2,5,5,0,0.267,0.32,0.422360248,0.742360248,0.300813008,0.195767196,4.395348837,0.105820106,6.488372093,5.142118863,5.142118863,1.046627907,0.826881137,-3.282118863,-0.039,-0.097360248,-0.076360248,-0.021,12,-6
977,103,104,1,win,7/19/24,7/25/24,7,키움,5,2,3,0,2,0,2,42.0,187,46,6,1,6,25,25,24,19,1,1,4,0,0,6,2,2,5.0,0.6,4.07,31.17,179,151,30,21,3,2,4,23,22,19,0,3,45,3,6,7,2,0,0.652173913043478,0.533333333333333,0.593406593406593,0.199,0.283,0.325,0.608,0.248,0.128,4.452,0.102,5.357,4.841,1.548,KIA,6,5,1,2,3,0,2,50.0,210,34,5,0,4,22,16,46,23,0,4,1,0,0,3,1,244,214,70,46,13,1,10,42,38,20,0,5,42,3,5,3,4,0,0.327,0.379746835,0.537383178,0.917130013,0.363636364,0.219047619,4.2,0.10952381,2.88,4.733333333,4.733333333,2.477,0.107666667,-3.185333333,-0.128,-0.309130013,-0.212383178,-0.096746835,-65,-40
985,104,105,1,win,7/20/24,7/26/24,5,키움,5,3,2,1,4,0,2,43.0,182,43,6,1,4,20,20,27,17,1,1,3,0,0,4,2,5,4.0,0.47,4.23,45.5,187,158,38,29,4,2,3,25,23,20,0,3,41,3,6,6,2,0,0.883720930232558,0.658536585365854,0.773809523809524,0.241,0.32,0.348,0.669,0.299,0.148,4.233,0.093,4.186,4.057,1.395,KIA,6,4,2,1,1,0,2,49.0,216,42,5,0,3,24,16,50,23,0,4,1,0,0,3,1,241,210,67,46,10,1,10,39,35,20,0,6,39,3,5,2,3,0,0.319,0.373390558,0.519047619,0.892438177,0.347560976,0.231481481,4.408163265,0.106481481,2.93877551,4.716553288,4.716553288,1.24722449,-0.659553288,-3.321553288,-0.078,-0.223438177,-0.171047619,-0.053390558,-54,-29
993,105,106,0,lose,7/21/24,7/27/24,3,키움,6,4,2,1,4,1,3,52.0,217,50,8,2,5,25,25,38,17,1,2,3,0,0,4,2,5,4.17,0.48,4.34,43.4,226,190,47,36,4,3,4,31,29,26,1,3,48,4,7,6,3,0,0.94,0.791666666666667,0.86734693877551,0.247,0.335,0.363,0.698,0.303,0.175,4.173,0.078,4.327,4.103,1.288,KIA,6,3,3,1,4,1,1,48.2,215,41,4,1,3,26,21,48,27,1,3,1,0,0,3,3,228,200,58,38,10,2,8,36,33,16,0,6,41,4,6,2,3,0,0.29,0.336363636,0.48,0.816363636,0.322580645,0.223255814,4.460580913,0.125581395,3.921161826,4.979253112,4.979253112,0.405838174,-0.876253112,-3.691253112,-0.043,-0.118363636,-0.117,-0.001363636,-2,-11
1006,106,107,1,win,7/23/24,7/28/24,6,키움,6,3,3,1,4,2,3,52.0,219,52,9,1,8,27,27,37,19,1,2,4,0,0,4,2,5,4.5,0.52,4.21,27.38,227,196,47,34,8,3,2,27,24,25,1,2,48,2,4,5,3,0,0.903846153846154,0.770833333333333,0.84,0.24,0.326,0.342,0.668,0.304,0.169,4.212,0.087,4.673,5.021,1.365,NC,6,2,4,1,1,0,2,50.0,240,62,11,2,6,40,29,40,24,0,3,2,0,0,3,0,217,186,42,30,6,1,5,25,23,22,0,6,52,1,3,2,1,0,0.226,0.306220096,0.349462366,0.655682461,0.284615385,0.166666667,4.8,0.1,5.22,5.111111111,5.111111111,-0.547,-0.090111111,-3.746111111,0.014,0.012317539,-0.007462366,0.019779904,10,5
1014,107,108,0,lose,7/24/24,7/30/24,4,키움,6,4,2,1,4,2,4,53.0,218,47,12,1,8,23,23,41,19,0,3,3,0,0,2,2,5,3.83,0.43,4.64,27.25,232,198,49,36,7,3,3,30,27,28,1,2,44,2,4,4,2,0,1.04255319148936,0.931818181818182,0.989010989010989,0.247,0.341,0.359,0.699,0.301,0.188,4.113,0.087,3.906,5.094,1.245,NC,6,2,4,1,1,0,2,50.0,237,55,9,1,6,38,25,43,26,0,4,3,0,0,0,0,223,188,45,30,9,1,5,26,24,25,0,7,53,1,3,4,2,0,0.239,0.327102804,0.377659574,0.704762378,0.305343511,0.181434599,4.74,0.109704641,4.5,5.377777778,5.377777778,-0.594,-0.283777778,-4.132777778,0.008,-0.005762378,-0.018659574,0.013897196,9,4
1023,108,109,1,win,7/25/24,7/31/24,3,키움,6,4,2,1,4,2,4,54.0,225,47,9,1,9,25,24,42,17,1,6,2,0,0,5,1,5,4.17,0.46,4.79,25.0,224,195,46,35,7,2,2,26,23,23,1,2,41,2,4,4,1,0,0.978723404255319,1.02439024390244,1.0,0.236,0.317,0.323,0.64,0.286,0.187,4.167,0.076,4.0,5.185,1.185,NC,6,3,3,1,1,0,3,54.0,241,53,10,1,5,31,23,50,23,0,3,3,0,0,0,0,252,207,54,37,9,1,7,35,33,30,1,10,52,2,5,5,6,0,0.261,0.354166667,0.415458937,0.769625604,0.313333333,0.20746888,4.462962963,0.095435685,3.833333333,4.814814815,4.814814815,0.166666667,0.370185185,-3.629814815,-0.025,-0.129625604,-0.092458937,-0.037166667,-28,-8
1033,109,110,1,win,7/26/24,8/1/24,3,키움,6,4,2,1,5,2,3,54.0,236,57,12,2,10,33,31,44,18,1,6,4,0,0,6,1,6,5.5,0.61,4.14,23.6,230,199,50,34,10,2,4,34,32,25,1,3,49,3,3,2,1,0,0.87719298245614,0.897959183673469,0.886792452830189,0.251,0.333,0.382,0.715,0.309,0.186,4.37,0.076,5.167,5.597,1.389,두산,6,3,3,1,3,1,3,51.0,218,48,7,0,6,26,25,48,23,0,1,2,0,0,4,1,272,231,75,52,14,1,8,47,45,33,0,4,47,1,4,4,9,0,0.325,0.40754717,0.497835498,0.905382668,0.378531073,0.220183486,4.274509804,0.105504587,4.411764706,5.294117647,5.294117647,0.755235294,0.302882353,-3.905117647,-0.074,-0.190382668,-0.115835498,-0.07454717,-42,-25
1044,110,111,1,win,7/27/24,8/2/24,4,키움,6,4,2,1,3,2,3,55.0,242,59,13,2,9,33,31,48,19,2,5,4,0,0,6,2,4,5.5,0.6,4.1,26.89,239,205,51,33,11,2,5,35,34,26,2,4,49,3,4,1,1,0,0.864406779661017,0.979591836734694,0.916666666666667,0.249,0.335,0.395,0.73,0.299,0.198,4.4,0.079,5.073,5.455,1.418,두산,6,3,3,1,3,1,3,53.0,233,52,8,0,5,26,25,44,26,1,3,2,0,0,3,1,284,241,82,58,15,1,8,50,48,35,1,4,45,1,4,4,8,0,0.34,0.424460432,0.510373444,0.934833876,0.391534392,0.188841202,4.396226415,0.111587983,4.245283019,4.842767296,4.842767296,0.827716981,0.612232704,-3.424767296,-0.091,-0.204833876,-0.115373444,-0.089460432,-45,-31
1063,112,113,0,lose,7/30/24,8/4/24,3,키움,5,4,1,1,2,0,2,46.0,215,56,15,1,6,29,27,39,17,2,7,3,0,0,8,2,3,5.8,0.63,3.84,35.83,216,188,60,46,8,1,5,41,41,19,1,6,43,2,3,2,2,0,1.07142857142857,0.906976744186047,1.0,0.319,0.381,0.452,0.833,0.387,0.181,4.674,0.079,5.283,5.0,1.587,SSG,6,3,3,1,5,2,2,55.2,258,67,12,0,6,36,31,52,23,3,2,2,0,0,2,0,240,215,56,38,8,1,9,35,33,20,0,3,44,1,2,4,3,0,0.26,0.322033898,0.43255814,0.754592038,0.288343558,0.201550388,4.673913043,0.089147287,5.054347826,5.052334944,5.052334944,0.228652174,-0.052334944,-3.465334944,0.059,0.078407962,0.01944186,0.058966102,-24,4
1074,113,114,0,lose,7/31/24,8/6/24,4,키움,5,3,2,1,2,1,2,46.0,222,63,15,1,7,33,31,40,17,2,6,3,0,0,7,3,3,6.6,0.72,3.52,31.71,216,192,62,48,8,1,5,37,37,16,1,6,42,1,2,3,3,0,0.984126984126984,0.952380952380952,0.971428571428571,0.323,0.376,0.453,0.829,0.39,0.18,4.826,0.077,6.065,5.362,1.739,SSG,6,2,4,0,4,2,2,54.2,265,69,11,0,8,41,37,54,29,3,5,4,0,0,3,0,238,221,56,38,9,1,8,30,29,13,0,3,46,1,1,4,1,0,0.253,0.293617021,0.411764706,0.705381727,0.285714286,0.203773585,4.889298893,0.109433962,6.143911439,6.129561296,6.129561296,-0.078911439,-0.767561296,-4.390561296,0.07,0.123618273,0.041235294,0.082382979,-22,6
1084,114,115,1,win,8/1/24,8/7/24,4,키움,5,3,2,1,2,1,2,46.0,213,62,18,1,5,30,29,36,12,1,5,3,0,0,3,4,3,6.0,0.65,3.44,42.6,221,194,66,51,8,1,6,39,39,18,1,7,41,1,2,4,3,0,1.06451612903226,0.878048780487805,0.990291262135922,0.34,0.397,0.485,0.882,0.405,0.169,4.63,0.056,5.674,4.179,1.609,SSG,6,2,4,0,6,2,2,51.2,239,57,7,0,6,32,28,49,28,2,5,4,0,0,3,0,224,206,53,38,8,1,6,24,24,10,0,4,37,2,4,4,1,0,0.257,0.288990826,0.393203883,0.682194709,0.284848485,0.205020921,4.66796875,0.117154812,4.921875,5.642361111,5.642361111,0.752125,-1.463361111,-4.033361111,0.083,0.199805291,0.091796117,0.108009174,-3,13
1093,115,116,0,lose,8/2/24,8/8/24,3,키움,5,3,2,2,0,1,3,46.0,201,55,16,0,4,21,21,36,9,1,5,1,0,0,2,3,2,4.2,0.46,3.65,50.25,206,185,59,50,5,0,4,28,27,11,1,6,39,0,4,4,5,0,1.07272727272727,0.923076923076923,1.01063829787234,0.319,0.36,0.411,0.771,0.387,0.179,4.37,0.045,4.109,3.647,1.391,한화,5,3,2,2,6,0,0,44.0,197,58,15,1,6,29,27,37,10,0,4,3,1,0,0,3,199,177,53,39,7,0,7,33,33,13,0,2,38,2,7,1,1,0,0.299,0.34375,0.457627119,0.801377119,0.343283582,0.187817259,4.477272727,0.050761421,5.522727273,4.595959596,4.595959596,-1.413727273,-0.948959596,-3.204959596,0.02,-0.030377119,-0.046627119,0.01625,7,6
1107,116,117,1,win,8/3/24,8/9/24,7,키움,5,2,3,1,0,2,4,44.0,197,53,15,0,5,24,23,35,10,0,5,0,0,0,3,2,1,4.8,0.55,3.72,39.4,199,179,56,46,5,1,4,27,26,12,0,4,39,0,4,5,7,0,1.05660377358491,0.897435897435897,0.989130434782609,0.313,0.356,0.419,0.775,0.382,0.178,4.477,0.051,4.705,4.167,1.432,한화,5,3,2,3,6,0,0,44.0,201,59,15,2,6,31,29,39,14,0,2,2,1,0,2,3,197,175,49,33,8,0,8,30,30,12,0,2,40,2,8,1,2,0,0.28,0.322751323,0.462857143,0.785608466,0.317829457,0.194029851,4.568181818,0.069651741,5.931818182,5.0,5.0,-1.226818182,-0.833,-3.568,0.033,-0.010608466,-0.043857143,0.033248677,2,7
1117,117,118,1,win,8/4/24,8/10/24,7,키움,5,2,3,2,2,2,3,44.0,189,46,9,0,5,20,19,31,12,0,3,0,0,0,1,2,4,4.0,0.45,4.11,37.8,182,161,38,28,6,1,3,15,14,14,0,2,38,1,5,5,6,0,0.826086956521739,0.815789473684211,0.821428571428571,0.236,0.295,0.342,0.637,0.289,0.164,4.295,0.063,3.886,4.116,1.318,한화,5,3,2,3,6,0,1,44.0,194,49,13,1,5,27,24,42,15,0,1,0,1,0,3,2,196,172,46,30,8,0,8,28,28,13,0,3,36,2,8,0,2,0,0.267,0.315508021,0.453488372,0.768996393,0.292307692,0.216494845,4.409090909,0.077319588,4.909090909,4.898989899,4.898989899,-1.023090909,-0.782989899,-3.580989899,-0.031,-0.131996393,-0.111488372,-0.020508021,-14,-8
1125,118,119,0,lose,8/6/24,8/11/24,5,키움,6,3,3,2,2,2,4,53.0,226,52,10,0,5,23,22,34,16,0,3,0,0,0,1,2,4,3.83,0.43,4.35,45.2,225,201,51,38,7,1,5,22,21,16,0,3,48,1,5,5,6,0,0.980769230769231,0.708333333333333,0.85,0.254,0.307,0.373,0.68,0.309,0.15,4.264,0.071,3.736,3.795,1.283,KIA,5,2,3,1,4,0,1,50.0,232,62,8,0,4,27,19,42,14,0,4,1,0,1,7,0,208,185,49,39,5,2,3,17,17,16,1,1,27,4,6,1,4,0,0.265,0.32038835,0.362162162,0.682550512,0.289308176,0.181034483,4.64,0.060344828,3.42,3.955555556,3.955555556,0.316,-0.160555556,-2.672555556,-0.011,-0.002550512,0.010837838,-0.01338835,17,2
1135,119,120,1,win,8/7/24,8/13/24,5,키움,6,3,3,2,2,1,4,53.0,220,45,7,0,3,19,18,31,16,0,3,0,0,0,2,1,4,3.17,0.36,4.89,73.33,219,197,46,33,8,1,4,20,19,14,0,3,52,1,5,4,6,0,1.02222222222222,0.596153846153846,0.793814432989691,0.234,0.283,0.345,0.628,0.296,0.141,4.151,0.073,3.057,3.124,1.151,KIA,5,2,3,1,3,0,1,50.0,223,57,9,0,4,27,19,46,11,0,4,1,0,1,8,0,212,187,51,41,6,1,3,17,17,16,1,1,28,4,8,2,4,0,0.273,0.326923077,0.363636364,0.690559441,0.3,0.206278027,4.46,0.049327354,3.42,3.933333333,3.933333333,-0.363,-0.809333333,-2.782333333,-0.039,-0.062559441,-0.018636364,-0.043923077,7,-5
1143,120,121,0,lose,8/8/24,8/14/24,3,키움,6,4,2,2,2,1,5,53.0,217,40,5,1,3,14,13,35,17,0,1,0,0,0,4,0,4,2.33,0.26,5.43,72.33,223,197,46,34,7,1,4,20,19,18,0,2,53,1,6,2,7,0,1.15,0.660377358490566,0.870967741935484,0.234,0.296,0.34,0.636,0.298,0.161,4.094,0.078,2.208,3.354,1.075,KIA,5,2,3,1,6,1,1,49.1,210,43,5,0,4,16,14,47,15,0,4,1,0,1,8,0,205,185,46,35,7,2,2,16,16,12,1,1,29,3,7,2,5,0,0.249,0.293532338,0.340540541,0.634072879,0.280254777,0.223809524,4.276985743,0.071428571,2.566191446,4.322244852,4.322244852,-0.358191446,-0.968244852,-3.247244852,-0.015,0.001927121,-0.000540541,0.002467662,18,0
1157,121,122,0,lose,8/9/24,8/15/24,7,키움,6,3,3,1,2,1,4,53.0,231,51,5,1,6,26,25,36,18,0,2,0,0,0,7,0,3,4.33,0.49,4.53,38.5,226,201,44,29,8,2,5,18,18,20,0,2,51,1,3,2,5,0,0.862745098039216,0.705882352941176,0.784313725490196,0.219,0.288,0.353,0.642,0.267,0.156,4.358,0.078,4.245,4.277,1.302,롯데,5,3,2,2,3,0,1,43.0,202,52,9,0,4,23,22,38,27,1,1,0,0,2,1,0,205,185,59,34,16,3,6,32,32,15,0,0,37,3,5,3,2,0,0.319,0.36453202,0.535135135,0.899667155,0.365517241,0.188118812,4.697674419,0.133663366,4.604651163,5.400516796,5.400516796,-0.359651163,-1.123516796,-4.098516796,-0.1,-0.257667155,-0.182135135,-0.07653202,21,-15
1167,122,123,1,win,8/10/24,8/16/24,7,키움,6,3,3,1,2,0,3,53.0,224,49,5,1,5,23,22,31,16,0,2,0,0,0,7,2,3,3.83,0.43,4.57,44.8,220,200,43,30,7,2,4,13,13,16,0,2,54,1,2,2,3,0,0.877551020408163,0.574074074074074,0.718446601941748,0.215,0.272,0.33,0.602,0.273,0.138,4.226,0.071,3.736,3.669,1.226,롯데,5,4,1,2,3,0,2,44.0,192,44,8,1,3,13,13,45,22,1,1,0,0,2,1,0,201,180,58,34,16,3,5,30,30,15,0,0,35,4,6,1,3,0,0.322,0.366834171,0.527777778,0.894611949,0.368055556,0.234375,4.363636364,0.114583333,2.659090909,4.924242424,4.924242424,1.076909091,-1.255242424,-3.698242424,-0.107,-0.292611949,-0.197777778,-0.094834171,19,-15
1176,123,124,0,lose,8/11/24,8/17/24,6,키움,6,3,3,1,0,0,4,53.0,233,57,6,2,5,29,27,28,18,2,1,1,0,1,8,2,1,4.83,0.55,4.09,46.6,226,210,53,38,8,2,5,18,18,13,0,2,53,0,1,2,2,0,0.929824561403509,0.528301886792453,0.736363636363636,0.252,0.296,0.381,0.677,0.316,0.12,4.396,0.077,4.585,3.669,1.415,롯데,5,3,2,1,2,0,1,44.0,197,52,10,1,4,21,21,44,18,0,1,1,0,1,1,0,208,186,64,39,17,3,5,35,33,15,2,0,30,4,7,1,4,0,0.344,0.391304348,0.548387097,0.939691445,0.380645161,0.223350254,4.477272727,0.091370558,4.295454545,4.898989899,4.898989899,0.289545455,-1.229989899,-3.483989899,-0.092,-0.262691445,-0.167387097,-0.095304348,18,-11
1188,124,125,1,win,8/13/24,8/18/24,8,키움,6,2,4,1,0,0,3,53.0,237,63,7,2,7,31,29,33,15,2,2,2,0,1,8,2,1,5.17,0.58,3.76,33.86,222,205,47,32,9,2,4,15,14,15,0,1,53,0,1,3,2,0,0.746031746031746,0.622641509433962,0.689655172413793,0.229,0.282,0.351,0.633,0.291,0.139,4.472,0.063,4.925,4.235,1.472,KT,6,2,4,1,1,1,2,52.0,231,62,11,1,9,25,23,59,15,0,2,3,0,0,8,3,208,192,39,31,3,0,5,15,14,12,0,1,38,1,3,1,0,0,0.203,0.248780488,0.296875,0.545655488,0.226666667,0.255411255,4.442307692,0.064935065,3.980769231,5.982905983,5.982905983,0.944230769,-1.747905983,-4.510905983,0.026,0.087344512,0.054125,0.033219512,14,8
1196,125,126,0,lose,8/14/24,8/20/24,6,키움,6,3,3,2,0,0,3,53.0,237,62,6,2,7,31,29,39,18,2,2,2,0,1,7,2,2,5.17,0.58,3.82,33.86,227,209,50,34,10,2,4,18,17,16,0,1,52,0,1,3,3,0,0.806451612903226,0.75,0.780701754385965,0.239,0.293,0.364,0.657,0.301,0.165,4.472,0.076,4.925,4.675,1.509,KT,6,2,4,1,1,2,3,53.0,228,53,11,0,6,21,18,63,14,0,3,3,1,0,10,3,209,193,41,33,3,0,5,15,14,12,0,1,42,1,3,3,0,0,0.212,0.257281553,0.305699482,0.562981035,0.244897959,0.276315789,4.301886792,0.061403509,3.056603774,5.157232704,5.157232704,1.868396226,-0.482232704,-3.648232704,0.027,0.094018965,0.058300518,0.035718447,18,9
1209,126,127,0,lose,8/15/24,8/21/24,9,키움,6,2,4,2,0,0,3,52.0,239,69,10,1,8,35,33,44,19,3,2,2,0,1,5,2,2,5.83,0.67,3.46,29.88,223,213,51,35,11,2,3,16,15,9,0,1,52,0,0,4,2,0,0.739130434782609,0.846153846153846,0.785123966942149,0.239,0.27,0.352,0.622,0.304,0.184,4.596,0.079,5.712,5.321,1.692,KT,6,3,3,1,3,2,2,54.0,229,58,11,0,6,18,17,60,8,0,3,2,1,0,7,2,214,197,48,34,8,0,6,19,18,14,1,1,48,1,2,5,0,0,0.244,0.295774648,0.375634518,0.671409166,0.291666667,0.262008734,4.240740741,0.034934498,2.833333333,4.567901235,4.567901235,2.878666667,0.753098765,-2.875901235,-0.005,-0.049409166,-0.023634518,-0.025774648,9,3
1217,127,128,1,win,8/16/24,8/22/24,7,키움,6,2,4,2,0,0,3,51.0,223,60,9,1,7,26,24,38,17,3,1,2,0,1,4,2,2,4.33,0.51,3.72,31.86,222,213,51,37,11,1,2,17,16,7,0,2,55,0,0,4,4,0,0.85,0.690909090909091,0.773913043478261,0.239,0.264,0.329,0.592,0.314,0.17,4.373,0.076,4.235,4.749,1.51,LG,6,2,4,1,1,1,3,54.0,233,60,9,1,5,32,30,44,21,0,1,3,0,0,6,2,226,191,46,35,9,0,2,24,24,29,0,2,39,2,4,5,5,0,0.241,0.337837838,0.319371728,0.657209566,0.289473684,0.188841202,4.314814815,0.090128755,5.0,4.444444444,4.444444444,-0.765,0.304555556,-2.934444444,-0.002,-0.065209566,0.009628272,-0.073837838,-4,5
1225,128,129,0,lose,8/17/24,8/23/24,5,키움,6,3,3,2,0,0,3,52.0,229,60,11,1,6,25,24,38,19,3,1,2,0,1,3,0,2,4.17,0.48,3.82,38.17,229,216,57,43,11,0,3,26,24,10,0,3,45,0,0,3,6,0,0.95,0.844444444444444,0.904761904761905,0.264,0.296,0.356,0.653,0.321,0.166,4.404,0.083,4.154,4.509,1.519,LG,6,2,4,1,0,0,2,53.0,241,68,9,1,5,38,36,40,22,0,2,2,1,0,7,2,229,194,48,35,11,0,2,25,25,30,0,1,32,2,4,5,5,0,0.247,0.345132743,0.335051546,0.68018429,0.283950617,0.165975104,4.547169811,0.091286307,6.113207547,4.423480084,4.423480084,-1.959207547,0.085519916,-2.904480084,0.017,-0.02718429,0.020948454,-0.049132743,0,9
1238,129,130,1,win,8/18/24,8/24/24,8,키움,6,2,4,1,0,0,2,52.0,228,60,12,1,7,25,25,41,19,1,2,1,0,0,3,0,1,4.17,0.48,3.8,32.57,222,206,46,36,8,0,2,18,16,13,0,3,49,0,0,2,6,0,0.766666666666667,0.836734693877551,0.798165137614679,0.223,0.269,0.291,0.561,0.284,0.18,4.385,0.083,4.327,4.915,1.519,LG,6,3,3,1,0,0,2,53.0,227,56,7,1,2,24,22,43,18,0,1,1,1,0,7,2,230,197,51,33,13,1,4,28,28,28,0,2,28,1,3,6,4,0,0.259,0.349557522,0.395939086,0.745496608,0.28313253,0.189427313,4.283018868,0.079295154,3.735849057,3.480083857,3.480083857,0.591150943,1.434916143,-1.961083857,-0.036,-0.184496608,-0.104939086,-0.080557522,-8,-5
