num,enddate,end+1,target,target2,Start Date,End Date,#,팀명,경기,투_승,투_패,투_세,투_홀드,투_블론,투_QS,투_이닝,투_타자,투_안타,투_2루타,투_3루타,투_홈런,투_실점,투_자책,투_삼진,투_볼넷,투_고4,투_HBP,투_폭투,투_보크,투_PK,투_도루,투_도실,타_타석,타_타수,타_안타,타_단타,타_2루타,타_3루타,타_홈런,타_득점,타_타점,타_볼넷,타_고4,타_HBP,타_삼진,타_희플,타_희타,타_병살,타_도루,타_도살,타_타율,타_출루율,타_장타율,타_OPS,타_BABIP,투_삼진율,투_이닝당타자,투_볼넷율,투_ERA,투_FIP,투_WHIP,상대1,경기1,투_승1,투_패1,투_세1,투_홀드1,투_블론1,투_QS1,투_이닝1,투_타자1,투_안타1,투_2루타1,투_3루타1,투_홈런1,투_실점1,투_자책1,투_삼진1,투_볼넷1,투_고41,투_HBP1,투_폭투1,투_보크1,투_PK1,투_도루1,투_도실1,타_타석1,타_타수1,타_안타1,타_단타1,타_2루타1,타_3루타1,타_홈런1,타_득점1,타_타점1,타_볼넷1,타_고41,타_HBP1,타_삼진1,타_희플1,타_희타1,타_병살1,타_도루1,타_도살1,타_타율1,타_출루율1,타_장타율1,타_OPS1,타_BABIP1,투_삼진율1,투_이닝당타자1,투_볼넷율1,투_ERA1,투_FIP1,투_WHIP1,차_ERA,차_FIP,차_WHIP,차_타율,차_OPS,차_장타율,차_출루율,평균연봉차이,홈 경기수,어웨이 경기수,평균 관중수,평균 이동거리,누적 이동거리
8,6,7,0,lose,2024.3.23,2024.3.29,8,롯데,5,1,4,1,1,0,2,41.0,177,39,7,0,6,23,19,36,19,0,3,4,0,1,4,4,191,169,39,29,6,0,4,15,14,19,0,3,48,0,0,2,5,0,0.231,0.309,0.337,0.646,0.299,0.203,4.317,0.107,4.171,5.61,1.415,NC,5,3,2,0,1,0,2,44.0,186,40,7,2,6,19,19,38,14,0,3,0,0,1,4,1,192,164,38,23,8,2,5,24,23,20,0,7,40,0,1,0,7,0,0.232,0.315217391,0.396341463,0.711558855,0.277310924,0.204301075,4.227272727,0.075268817,3.886363636,4.949494949,4.949494949,0.284636364,0.660505051,-3.534494949,-0.001,-0.065558855,-0.059341463,-0.006217391,3629,3,2,21962.0,460.0,460.0
18,7,8,0,lose,2024.3.24,2024.3.30,8,롯데,5,1,4,1,1,0,2,42.0,187,45,11,0,4,26,19,36,17,0,4,4,0,1,5,4,184,166,37,28,6,0,3,12,11,15,0,3,45,0,0,2,3,0,0.223,0.287,0.313,0.601,0.288,0.193,4.452,0.091,4.071,4.63,1.476,NC,5,3,2,0,1,0,2,44.0,187,39,5,1,6,16,16,41,16,0,3,0,0,0,4,1,196,171,45,28,12,1,4,28,27,18,0,6,39,0,1,1,7,0,0.263,0.333333333,0.415204678,0.748538012,0.3203125,0.219251337,4.25,0.085561497,3.272727273,5.252525253,5.252525253,0.798272727,-0.622525253,-3.776525253,-0.04,-0.147538012,-0.102204678,-0.046333333,3629,3,2,18873.66667,460.0,460.0
28,8,9,1,win,2024.3.26,2024.3.31,8,롯데,5,1,4,1,1,0,2,45.0,202,46,10,0,2,27,20,43,22,2,5,5,0,1,6,4,194,177,44,34,7,1,2,13,12,15,0,1,46,1,1,3,2,0,0.249,0.306,0.333,0.639,0.323,0.213,4.489,0.109,4.0,4.395,1.511,한화,6,6,0,1,4,0,1,54.0,222,48,4,0,5,17,16,54,12,0,5,0,0,0,2,2,238,199,59,33,16,4,6,44,43,29,1,4,43,4,6,4,3,0,0.296,0.381974249,0.507537688,0.889511937,0.344155844,0.243243243,4.111111111,0.054054054,2.666666667,4.300411523,4.300411523,1.333333333,0.094588477,-2.789411523,-0.047,-0.250511937,-0.174537688,-0.075974249,616,3,2,17691.66667,460.0,460.0
46,10,11,0,lose,2024.3.28,2024.4.3,6,롯데,4,2,2,2,2,0,2,38.0,170,35,8,0,0,17,13,43,20,4,4,4,0,1,5,4,159,146,39,32,5,1,1,11,11,11,0,1,39,1,1,2,4,0,0.267,0.316,0.336,0.652,0.355,0.253,4.474,0.118,3.079,4.269,1.447,한화,5,4,1,0,1,0,1,45.0,191,47,2,0,5,17,16,50,10,0,3,1,0,0,4,2,203,171,56,31,16,4,5,35,35,24,3,3,39,3,5,5,1,0,0.327,0.412935323,0.555555556,0.968490879,0.392307692,0.261780105,4.244444444,0.052356021,3.2,4.814814815,4.814814815,-0.121,-0.545814815,-3.367814815,-0.06,-0.316490879,-0.219555556,-0.096935323,616,3,3,13578.66667,280.0,280.0
57,11,12,0,lose,2024.3.29,2024.4.4,7,롯데,5,2,3,2,2,0,2,46.0,207,44,9,0,2,23,19,53,23,4,4,5,0,1,6,4,200,184,50,39,8,1,2,16,16,14,0,1,44,1,1,3,4,0,0.272,0.322,0.359,0.68,0.345,0.256,4.5,0.111,3.717,4.855,1.457,두산,6,1,5,0,0,0,3,52.1,239,60,15,0,7,34,32,40,18,2,7,2,0,0,2,0,235,199,41,25,8,1,7,24,20,31,2,3,61,2,2,5,1,0,0.206,0.316239316,0.361809045,0.678048361,0.255639098,0.167364017,4.587332054,0.075313808,5.527831094,4.798464491,4.798464491,-1.810831094,0.056535509,-3.341464491,0.066,0.001951639,-0.002809045,0.005760684,2963,3,2,13578.66667,200.0,200.0
69,12,13,1,win,2024.3.30,2024.4.5,9,롯데,5,1,4,1,1,0,1,46.0,219,49,12,0,2,26,23,50,30,4,4,7,0,0,6,3,202,187,47,37,7,2,1,16,15,12,0,2,49,1,1,3,6,0,0.251,0.295,0.326,0.621,0.333,0.228,4.761,0.137,4.5,5.217,1.717,두산,6,2,4,1,1,0,4,52.1,234,56,12,1,7,33,31,44,14,2,8,3,0,0,4,0,238,202,48,28,12,1,7,26,24,29,2,3,55,4,4,5,2,0,0.238,0.333333333,0.410891089,0.744224422,0.284722222,0.188034188,4.491362764,0.05982906,5.355086372,4.713158456,4.713158456,-0.855086372,0.503841544,-2.996158456,0.013,-0.123224422,-0.084891089,-0.038333333,2963,3,2,13578.66667,200.0,200.0
76,13,14,1,win,2024.3.31,2024.4.6,6,롯데,5,2,3,1,1,0,2,46.0,207,41,8,0,3,19,19,54,30,4,2,6,0,0,5,2,204,189,52,39,10,2,1,24,22,12,0,2,49,1,1,4,10,0,0.275,0.317,0.365,0.682,0.364,0.261,4.5,0.145,3.717,5.725,1.543,두산,6,1,5,1,1,0,3,51.1,237,62,14,1,7,41,39,44,14,2,8,4,0,0,8,0,229,203,45,27,11,1,6,19,17,21,1,2,60,3,3,5,3,0,0.222,0.293859649,0.374384236,0.668243886,0.278571429,0.185654008,4.637964775,0.05907173,6.86888454,4.805392477,4.805392477,-3.15188454,0.919607523,-3.262392477,0.053,0.013756114,-0.009384236,0.023140351,2963,3,2,13578.66667,200.0,200.0
84,14,15,0,lose,2024.4.2,2024.4.7,4,롯데,5,3,2,1,1,1,3,45.0,195,40,9,1,4,17,15,45,21,2,1,4,0,0,3,2,197,178,45,34,8,1,2,24,22,14,0,3,48,0,2,4,11,0,0.253,0.307,0.343,0.65,0.336,0.231,4.333,0.108,3.0,5.062,1.356,삼성,5,2,3,1,3,0,0,44.0,197,48,8,3,7,30,30,24,18,0,1,2,0,0,5,0,195,163,35,21,11,0,3,20,20,20,1,6,35,4,6,6,6,0,0.215,0.29787234,0.337423313,0.635295653,0.248062016,0.121827411,4.477272727,0.091370558,6.136363636,4.873737374,4.873737374,-3.136363636,0.188262626,-3.517737374,0.038,0.014704347,0.005576687,0.00912766,2032,3,2,13578.66667,200.0,200.0
97,15,16,0,lose,2024.4.3,2024.4.9,7,롯데,5,2,3,0,0,1,2,45.0,201,50,9,1,6,25,23,43,18,0,1,4,0,0,4,2,194,177,44,32,9,1,2,24,22,12,0,3,41,0,2,5,8,0,0.249,0.296,0.345,0.641,0.313,0.214,4.467,0.09,4.6,5.383,1.511,삼성,5,3,2,1,3,0,1,44.0,191,43,9,1,6,23,23,27,15,0,2,2,0,0,5,0,206,172,43,29,9,0,5,25,25,22,1,6,39,3,6,3,7,0,0.25,0.333333333,0.389534884,0.722868217,0.290076336,0.141361257,4.340909091,0.078534031,4.704545455,4.46969697,4.46969697,-0.104545455,0.91330303,-2.95869697,-0.001,-0.081868217,-0.044534884,-0.037333333,2032,3,2,13578.66667,200.0,200.0
108,16,17,0,lose,2024.4.4,2024.4.10,8,롯데,6,2,4,0,1,2,2,55.0,253,68,10,2,8,35,33,52,23,0,3,4,0,0,6,2,239,217,56,41,9,3,3,31,29,15,0,4,49,0,3,5,11,0,0.258,0.306,0.369,0.675,0.321,0.206,4.6,0.091,5.4,5.596,1.655,삼성,6,4,2,2,3,0,1,54.0,236,55,9,3,7,30,30,35,18,0,3,4,0,0,8,1,258,215,61,43,10,1,7,35,34,27,1,8,48,4,8,4,9,0,0.284,0.360323887,0.437209302,0.797533189,0.329268293,0.148305085,4.37037037,0.076271186,5.0,4.423868313,4.423868313,0.4,1.172131687,-2.768868313,-0.026,-0.122533189,-0.068209302,-0.054323887,2032,3,2,17691.66667,460.0,460.0
116,17,18,0,lose,2024.4.5,2024.4.11,6,롯데,6,2,4,0,1,2,3,56.0,255,67,11,2,7,33,31,50,22,0,5,3,0,0,6,2,232,210,51,40,6,3,2,26,24,14,0,4,50,0,4,5,13,0,0.243,0.29,0.329,0.619,0.31,0.196,4.554,0.086,4.982,5.099,1.589,키움,6,4,2,2,6,1,1,54.0,241,55,10,1,7,34,30,39,23,0,8,1,1,0,2,3,227,205,53,38,5,0,10,36,35,16,0,4,45,2,2,8,3,0,0.259,0.30941704,0.429268293,0.738685333,0.282894737,0.161825726,4.462962963,0.095435685,5.0,4.897119342,4.897119342,-0.018,0.201880658,-3.308119342,-0.016,-0.119685333,-0.100268293,-0.01941704,4706,3,2,17691.66667,460.0,460.0
127,18,19,0,lose,2024.4.6,2024.4.12,7,롯데,6,2,4,0,1,2,3,55.0,255,72,9,2,8,38,35,47,19,1,6,1,0,0,6,2,232,210,52,43,5,2,2,27,24,15,0,3,49,0,4,5,10,0,0.248,0.298,0.319,0.617,0.314,0.184,4.636,0.075,5.727,5.152,1.655,키움,6,4,2,2,7,1,2,54.0,238,52,7,0,7,31,25,40,20,0,6,1,1,0,2,1,229,205,55,38,6,0,11,34,33,17,1,4,43,3,3,8,4,0,0.268,0.32300885,0.458536585,0.781545435,0.285714286,0.168067227,4.407407407,0.084033613,4.166666667,4.75308642,4.75308642,1.560333333,0.39891358,-3.09808642,-0.02,-0.164545435,-0.139536585,-0.02500885,4706,3,2,17691.66667,460.0,460.0
140,19,20,0,lose,2024.4.7,2024.4.13,10,롯데,6,1,5,0,1,2,2,54.0,260,77,8,2,9,45,42,41,20,1,7,1,0,0,5,2,232,209,48,41,3,2,2,20,18,14,0,5,45,0,4,4,6,0,0.23,0.278,0.292,0.57,0.284,0.158,4.815,0.077,7.0,5.329,1.796,키움,6,4,2,1,7,1,2,54.0,238,52,6,0,5,26,20,40,18,0,7,2,1,0,2,1,230,211,60,44,5,0,11,35,34,14,1,3,43,1,2,6,3,0,0.284,0.330396476,0.464454976,0.794851452,0.310126582,0.168067227,4.407407407,0.075630252,3.333333333,4.094650206,4.094650206,3.666666667,1.234349794,-2.298650206,-0.054,-0.224851452,-0.172454976,-0.052396476,4706,0,0,0.0,,
150,20,21,0,lose,2024.4.9,2024.4.14,10,롯데,6,0,6,0,1,1,1,52.0,260,83,9,1,9,46,45,41,22,1,7,2,0,0,5,2,229,205,46,38,5,2,1,18,16,18,0,4,41,0,2,6,6,0,0.224,0.287,0.283,0.57,0.276,0.158,5.0,0.085,7.788,5.662,2.019,LG,6,1,5,1,2,1,2,49.0,225,56,15,1,2,35,29,48,25,0,0,3,1,1,7,1,240,211,56,46,9,0,1,19,14,25,0,1,49,3,3,4,7,0,0.265,0.338912134,0.322274882,0.661187015,0.335365854,0.213333333,4.591836735,0.111111111,5.326530612,4.467120181,4.467120181,2.461469388,1.194879819,-2.448120181,-0.041,-0.091187015,-0.039274882,-0.051912134,-2058,0,0,0.0,,
160,21,22,0,lose,2024.4.10,2024.4.16,10,롯데,6,0,6,0,1,1,2,51.0,250,80,10,1,7,45,44,35,20,1,7,2,0,0,5,3,229,204,46,37,4,2,3,19,17,19,0,4,40,0,2,6,6,0,0.225,0.291,0.309,0.6,0.267,0.14,4.902,0.08,7.765,4.815,1.961,LG,6,2,4,1,4,1,3,50.0,219,52,13,1,3,30,24,49,19,0,1,3,1,0,7,1,237,208,59,48,10,0,1,24,20,25,0,1,42,3,3,4,6,0,0.284,0.355932203,0.346153846,0.70208605,0.345238095,0.223744292,4.38,0.086757991,4.32,4.311111111,4.311111111,3.445,0.503888889,-2.350111111,-0.059,-0.10208605,-0.037153846,-0.064932203,-2058,3,3,10880.33333,1200.0,1200.0
170,22,23,1,win,2024.4.11,2024.4.17,10,롯데,6,0,6,0,0,0,2,49.1,236,73,13,0,6,41,40,29,19,1,6,4,0,0,5,3,229,202,48,38,6,0,4,17,15,22,0,3,42,0,2,7,3,0,0.238,0.313,0.327,0.639,0.282,0.123,4.807,0.081,7.332,4.368,1.874,LG,6,3,3,1,5,1,2,51.0,227,56,14,1,5,30,25,48,23,0,1,3,0,0,4,2,234,204,59,46,11,0,2,26,24,24,0,2,39,4,4,5,6,0,0.289,0.357758621,0.37254902,0.73030764,0.341317365,0.211453744,4.450980392,0.101321586,4.411764706,5.010893246,5.010893246,2.920235294,-0.642893246,-3.136893246,-0.051,-0.09130764,-0.04554902,-0.044758621,-2058,3,2,10880.33333,800.0,800.0
180,23,24,1,win,2024.4.12,2024.4.18,10,롯데,6,1,5,0,0,0,2,49.1,229,70,12,0,5,39,37,27,18,1,4,4,0,0,5,3,240,211,55,41,10,0,4,26,23,22,0,4,42,2,3,6,3,0,0.261,0.328,0.365,0.693,0.305,0.118,4.664,0.079,6.782,3.915,1.792,KT,6,3,3,2,2,0,3,53.0,242,60,9,0,5,32,29,40,23,2,0,3,0,0,7,2,245,216,65,51,8,2,4,29,27,23,1,2,43,3,4,6,5,0,0.301,0.366255144,0.412037037,0.778292181,0.354651163,0.165289256,4.566037736,0.095041322,4.924528302,4.486373166,4.486373166,1.857471698,-0.571373166,-2.694373166,-0.04,-0.085292181,-0.047037037,-0.038255144,-87,4,1,10285.0,400.0,400.0
197,25,26,1,win,2024.4.14,2024.4.20,7,롯데,5,2,3,1,0,0,3,42.1,183,51,11,0,4,25,24,30,13,0,2,4,0,0,4,3,203,173,52,35,12,1,4,25,23,24,0,2,32,2,4,8,3,0,0.301,0.382,0.451,0.833,0.345,0.164,4.347,0.071,5.131,3.985,1.52,KT,5,2,3,2,0,0,2,43.0,188,42,9,1,4,22,21,34,20,1,0,3,0,1,3,1,193,176,47,35,8,2,2,16,15,14,1,1,40,2,2,6,4,0,0.267,0.321243523,0.369318182,0.690561705,0.330882353,0.180851064,4.372093023,0.106382979,4.395348837,4.651162791,4.651162791,0.735651163,-0.666162791,-3.131162791,0.034,0.142438295,0.081681818,0.060756477,-87,4,1,10255.5,80.0,80.0
212,27,28,0,lose,2024.4.17,2024.4.23,2,롯데,5,3,1,1,2,0,4,44.1,183,42,9,0,6,25,20,33,14,0,1,3,0,1,3,0,207,182,61,39,14,1,7,34,31,19,0,2,36,2,4,4,3,0,0.335,0.394,0.538,0.933,0.383,0.18,4.15,0.077,4.082,4.686,1.27,SSG,5,1,3,1,2,3,0,45.0,201,49,15,0,7,35,35,41,21,0,2,1,0,0,8,2,190,173,43,34,3,0,6,24,23,14,0,2,38,0,1,3,4,0,0.249,0.304812834,0.369942197,0.674755031,0.286821705,0.2039801,4.466666667,0.104477612,7.0,5.827160494,5.827160494,-2.918,-1.141160494,-4.557160494,0.086,0.258244969,0.168057803,0.089187166,-28,2,3,9508.5,240.0,240.0
222,28,29,1,win,2024.4.18,2024.4.24,2,롯데,5,3,1,1,3,0,4,45.0,193,49,7,1,7,31,26,34,14,0,0,2,0,1,3,1,205,183,61,39,15,2,5,36,32,16,0,2,33,3,4,3,5,0,0.333,0.381,0.519,0.9,0.378,0.176,4.289,0.073,5.2,4.963,1.4,SSG,5,2,2,1,3,3,0,45.0,201,51,14,1,4,31,31,44,18,0,1,1,0,0,9,1,198,181,52,38,5,1,8,33,31,14,0,1,33,1,2,2,6,0,0.287,0.336734694,0.458563536,0.79529823,0.312056738,0.218905473,4.466666667,0.089552239,6.2,4.790123457,4.790123457,-1.0,0.172876543,-3.390123457,0.046,0.10470177,0.060436464,0.044265306,-28,3,3,10797.66667,240.0,240.0
232,29,30,0,lose,2024.4.19,2024.4.25,2,롯데,5,3,1,2,4,0,4,45.0,199,52,9,1,7,32,28,36,15,0,1,2,0,1,2,1,197,176,56,34,14,2,6,33,30,18,0,1,35,1,2,4,6,0,0.318,0.379,0.523,0.902,0.368,0.181,4.422,0.075,5.6,5.136,1.489,NC,6,2,4,1,1,0,2,51.0,220,49,6,0,7,29,24,35,18,0,2,2,0,1,9,2,243,208,50,34,10,0,6,29,27,27,1,5,49,2,3,6,6,0,0.24,0.327731092,0.375,0.702731092,0.283870968,0.159090909,4.31372549,0.081818182,4.235294118,4.684095861,4.684095861,1.364705882,0.451904139,-3.195095861,0.078,0.199268908,0.148,0.051268908,3629,3,3,12895.0,240.0,240.0
247,30,31,0,lose,2024.4.20,2024.4.26,7,롯데,5,2,2,1,4,0,4,44.0,198,53,10,1,7,33,29,37,15,0,2,2,0,1,2,1,192,177,50,31,12,1,6,29,27,13,0,1,41,1,1,2,6,0,0.282,0.33,0.463,0.793,0.336,0.187,4.5,0.076,5.932,5.303,1.545,NC,6,3,3,1,2,0,2,51.0,214,49,6,0,6,25,22,42,15,0,1,2,0,1,7,2,233,200,48,30,12,0,6,30,28,24,1,6,53,2,3,6,3,0,0.24,0.321585903,0.39,0.711585903,0.293706294,0.196261682,4.196078431,0.070093458,3.882352941,4.509803922,4.509803922,2.049647059,0.793196078,-2.964803922,0.042,0.081414097,0.073,0.008414097,3629,3,3,13578.66667,240.0,240.0
257,31,32,0,lose,2024.4.21,2024.4.27,7,롯데,6,2,3,1,4,0,4,52.0,234,63,10,1,7,35,31,42,16,0,4,2,0,1,3,1,228,209,57,37,13,1,6,29,27,17,0,1,48,1,1,3,6,0,0.273,0.326,0.431,0.757,0.327,0.179,4.5,0.068,5.365,4.765,1.519,NC,6,4,2,2,5,0,2,52.0,211,47,5,0,5,16,15,45,14,0,1,2,0,0,6,3,234,199,53,38,9,0,6,30,29,23,1,7,48,2,5,5,3,0,0.266,0.342222222,0.40201005,0.744232272,0.319727891,0.213270142,4.057692308,0.066350711,2.596153846,4.209401709,4.209401709,2.768846154,0.555598291,-2.690401709,0.007,0.012767728,0.02898995,-0.016222222,3629,3,3,13578.66667,260.0,260.0
268,32,33,0,lose,2024.4.23,2024.4.28,8,롯데,5,1,4,1,2,0,2,42.0,188,52,9,1,5,26,26,35,10,0,4,2,0,0,4,1,182,169,41,29,9,1,2,16,15,12,0,0,43,1,1,3,5,0,0.243,0.291,0.343,0.634,0.312,0.186,4.476,0.053,5.571,4.365,1.476,키움,6,0,6,0,0,0,3,55.0,269,73,13,1,3,49,46,39,26,1,4,4,1,0,5,0,223,201,42,32,7,0,3,14,14,16,0,3,55,1,3,4,0,0,0.209,0.266055046,0.288557214,0.55461226,0.270833333,0.144981413,4.890909091,0.096654275,7.527272727,3.939393939,3.939393939,-1.956272727,0.425606061,-2.463393939,0.034,0.07938774,0.054442786,0.024944954,4706,3,3,13578.66667,280.0,280.0
279,33,34,0,lose,2024.4.24,2024.4.30,9,롯데,6,1,5,1,2,0,2,51.0,232,62,9,1,8,35,35,41,18,0,4,2,0,0,4,1,225,207,55,38,14,1,2,23,22,14,0,2,50,2,2,5,5,0,0.266,0.309,0.372,0.681,0.338,0.177,4.549,0.078,6.176,5.229,1.569,키움,6,1,5,1,0,0,3,54.0,270,78,18,1,2,51,48,37,25,1,6,5,1,0,5,0,222,194,40,30,5,0,5,21,21,20,0,3,50,3,5,5,0,0,0.206,0.276497696,0.309278351,0.585776046,0.246478873,0.137037037,5.0,0.092592593,8.0,3.600823045,3.600823045,-1.824,1.628176955,-2.031823045,0.06,0.095223954,0.062721649,0.032502304,4706,3,2,13578.66667,200.0,200.0
290,34,35,1,win,2024.4.25,2024.5.1,10,롯데,6,1,5,1,1,1,3,51.0,228,57,11,0,6,29,29,41,18,0,4,2,0,0,2,0,221,205,51,35,13,1,2,19,19,13,0,2,49,1,1,6,3,0,0.249,0.292,0.351,0.643,0.316,0.18,4.471,0.079,5.118,4.662,1.471,키움,6,2,4,2,2,0,2,54.0,269,79,18,1,2,48,45,35,23,0,6,4,1,0,2,0,229,203,46,32,9,0,5,23,23,18,0,3,49,4,5,4,0,0,0.227,0.284444444,0.344827586,0.629272031,0.267973856,0.130111524,4.981481481,0.085501859,7.5,3.395061728,3.395061728,-2.382,1.266938272,-1.924061728,0.022,0.013727969,0.006172414,0.007555556,4706,2,2,13680.0,200.0,200.0
300,35,36,1,win,2024.4.26,2024.5.2,10,롯데,6,1,5,1,0,1,2,51.0,230,60,10,0,7,31,31,44,20,0,3,4,0,0,3,0,219,204,52,37,10,3,2,19,19,10,0,3,44,2,2,6,0,0,0.255,0.287,0.363,0.65,0.313,0.191,4.51,0.087,5.471,5.207,1.569,삼성,6,5,1,2,5,0,3,53.0,213,35,7,0,2,14,12,45,15,0,4,1,0,0,2,1,260,225,73,61,10,1,1,38,36,24,1,4,40,4,7,5,2,0,0.324,0.385826772,0.391111111,0.776937883,0.382978723,0.211267606,4.018867925,0.070422535,2.037735849,3.375262055,3.375262055,3.433264151,1.831737945,-1.806262055,-0.069,-0.126937883,-0.028111111,-0.098826772,2032,5,1,17449.4,400.0,400.0
309,36,37,1,win,2024.4.27,2024.5.3,9,롯데,6,2,4,2,0,2,1,52.0,242,62,10,0,6,34,34,38,26,0,3,5,0,0,5,0,230,210,57,37,12,3,5,27,25,13,0,4,42,3,3,5,1,0,0.271,0.31,0.429,0.738,0.313,0.157,4.654,0.107,5.885,4.957,1.692,삼성,6,4,2,1,5,1,2,53.0,221,41,8,0,5,22,18,43,17,0,4,1,0,0,3,1,267,227,74,60,11,1,2,42,40,29,1,5,42,3,6,5,4,0,0.326,0.4,0.40969163,0.80969163,0.387096774,0.194570136,4.169811321,0.076923077,3.056603774,4.234800839,4.234800839,2.828396226,0.722199161,-2.542800839,-0.055,-0.07169163,0.01930837,-0.09,2032,3,3,20804.66667,660.0,660.0
322,38,39,1,win,2024.5.1,2024.5.7,2,롯데,4,3,1,2,0,2,2,36.0,168,46,11,0,3,20,20,28,15,0,1,4,0,0,3,0,164,150,46,27,11,3,5,26,23,9,0,2,24,3,3,2,2,0,0.307,0.34,0.52,0.86,0.331,0.167,4.667,0.089,5.0,4.321,1.694,한화,4,1,3,0,0,1,1,35.0,159,41,8,0,3,24,23,30,15,1,1,2,0,1,2,0,162,140,35,25,5,0,5,16,16,18,0,3,30,0,1,0,3,0,0.25,0.335443038,0.392857143,0.728300181,0.285714286,0.188679245,4.542857143,0.094339623,5.914285714,4.571428571,4.571428571,-0.914285714,-0.250428571,-2.877428571,0.057,0.131699819,0.127142857,0.004556962,616,3,3,20804.66667,600.0,600.0
332,39,40,1,win,2024.5.2,2024.5.8,2,롯데,4,4,0,3,1,1,2,36.0,157,37,8,0,3,15,15,38,12,0,1,4,0,0,3,0,161,146,46,28,10,3,5,29,25,9,0,2,28,4,4,1,2,0,0.315,0.346,0.527,0.873,0.35,0.242,4.361,0.076,3.75,4.66,1.361,한화,4,1,3,0,0,0,1,34.0,154,43,7,1,3,22,21,33,10,1,1,1,0,0,2,0,147,132,27,18,5,0,4,10,10,12,0,1,35,1,2,0,3,0,0.205,0.268965517,0.333333333,0.602298851,0.244680851,0.214285714,4.529411765,0.064935065,5.558823529,4.411764706,4.411764706,-1.808823529,0.248235294,-3.050764706,0.11,0.270701149,0.193666667,0.077034483,616,3,3,20804.66667,600.0,600.0
343,40,41,0,lose,2024.5.3,2024.5.9,3,롯데,4,4,0,2,3,1,2,36.0,159,39,7,0,3,15,15,35,11,0,1,3,0,0,2,0,177,157,56,33,14,2,7,41,37,16,0,1,33,3,3,2,5,0,0.357,0.409,0.605,1.014,0.408,0.22,4.417,0.069,3.75,4.383,1.389,LG,5,2,3,2,4,0,2,45.0,192,42,10,0,2,19,16,45,18,2,2,3,0,0,12,3,183,153,33,23,5,3,2,19,17,24,1,2,29,3,4,2,8,0,0.216,0.320441989,0.326797386,0.647239375,0.248,0.234375,4.266666667,0.09375,3.2,4.197530864,4.197530864,0.55,0.185469136,-2.808530864,0.141,0.366760625,0.278202614,0.088558011,-2058,3,3,20804.66667,600.0,600.0
353,41,42,0,lose,2024.5.4,2024.5.10,3,롯데,4,3,1,1,3,0,2,36.0,159,40,6,1,3,17,16,33,12,0,0,2,0,0,2,2,172,154,52,34,12,2,4,34,32,15,0,1,31,2,2,2,4,0,0.338,0.392,0.519,0.911,0.397,0.208,4.417,0.075,4.0,4.352,1.444,LG,5,3,2,2,4,0,3,45.0,192,37,8,0,2,14,14,43,18,2,3,2,0,0,9,1,187,153,34,26,3,3,2,24,21,28,1,2,29,3,4,3,9,0,0.222,0.340540541,0.320261438,0.660801978,0.256,0.223958333,4.266666667,0.09375,2.8,4.098765432,4.098765432,1.2,0.253234568,-2.654765432,0.116,0.250198022,0.198738562,0.051459459,-2058,2,2,13680.0,200.0,200.0
365,42,43,0,lose,2024.5.5,2024.5.11,5,롯데,4,2,2,1,3,0,2,36.0,163,40,5,1,3,17,16,36,17,1,0,2,0,0,2,3,160,142,43,30,8,2,3,26,25,14,0,2,35,1,2,3,3,0,0.303,0.363,0.451,0.814,0.381,0.221,4.528,0.104,4.0,5.0,1.583,LG,5,4,1,3,6,0,3,45.0,189,35,7,0,1,12,12,50,17,1,4,2,0,0,7,1,192,160,40,31,4,2,3,24,21,27,2,2,35,2,3,3,7,0,0.25,0.361256545,0.35625,0.717506545,0.298387097,0.264550265,4.2,0.08994709,2.4,4.049382716,4.049382716,1.6,0.950617284,-2.466382716,0.053,0.096493455,0.09475,0.001743455,-2058,2,2,13680.0,200.0,200.0
376,43,44,0,lose,2024.5.7,2024.5.12,6,롯데,5,2,3,1,4,1,2,45.0,204,51,6,1,5,23,22,39,19,2,3,3,0,1,5,4,202,177,52,36,10,2,4,30,29,21,1,2,43,1,2,4,4,0,0.294,0.37,0.441,0.811,0.366,0.191,4.533,0.093,4.4,4.938,1.556,KT,5,2,3,0,2,1,1,44.0,204,58,15,2,9,35,32,34,23,0,4,3,0,0,9,2,205,183,51,39,8,0,4,24,19,18,0,2,42,1,2,3,1,0,0.279,0.341584158,0.387978142,0.7295623,0.34057971,0.166666667,4.636363636,0.112745098,6.545454545,6.414141414,6.414141414,-2.145454545,-1.476141414,-4.858141414,0.015,0.0814377,0.053021858,0.028415842,-87,2,2,13680.0,200.0,200.0
400,45,46,1,win,2024.5.9,2024.5.15,10,롯데,5,1,4,0,4,2,2,44.0,212,56,7,1,6,29,28,36,27,3,3,2,0,1,8,4,202,177,49,32,9,2,6,28,28,22,1,2,41,0,1,4,5,0,0.277,0.36,0.452,0.812,0.331,0.17,4.818,0.127,5.727,5.833,1.886,KT,5,2,3,1,2,1,2,42.0,194,53,12,3,8,33,31,28,23,0,4,3,0,0,8,2,200,174,49,37,8,0,4,24,22,22,1,2,48,1,2,3,3,0,0.282,0.363636364,0.396551724,0.760188088,0.365853659,0.144329897,4.619047619,0.118556701,6.642857143,6.058201058,6.058201058,-0.915857143,-0.225201058,-4.172201058,-0.005,0.051811912,0.055448276,-0.003636364,-87,0,0,0.0,,
409,46,47,1,win,2024.5.10,2024.5.16,9,롯데,5,1,4,1,4,2,3,44.0,202,47,6,1,5,24,23,37,26,3,4,1,0,1,8,5,187,167,36,26,6,1,3,12,12,16,1,2,41,1,2,3,3,0,0.216,0.286,0.317,0.604,0.266,0.183,4.591,0.129,4.705,5.48,1.659,두산,6,4,1,3,4,2,3,56.0,252,65,5,0,7,31,29,44,21,2,3,6,0,0,1,0,262,216,73,46,16,3,8,46,46,32,1,6,33,5,8,7,10,0,0.338,0.417322835,0.550925926,0.968248761,0.361111111,0.174603175,4.5,0.083333333,4.660714286,4.801587302,4.801587302,0.044285714,0.678412698,-3.142587302,-0.122,-0.364248761,-0.233925926,-0.131322835,2963,2,4,14034.0,1550.0,1550.0
417,47,48,0,lose,2024.5.11,2024.5.17,7,롯데,5,2,3,1,5,2,4,44.0,192,42,6,0,4,16,16,40,20,3,4,1,0,1,6,3,189,169,39,28,6,1,4,16,15,16,1,1,41,1,2,4,4,0,0.231,0.299,0.349,0.649,0.28,0.208,4.364,0.104,3.273,4.848,1.409,두산,6,3,2,2,1,2,4,56.0,246,64,4,0,8,33,30,43,15,2,3,5,0,0,2,0,260,217,65,42,15,2,6,40,40,32,1,5,37,4,6,5,7,0,0.3,0.385826772,0.470046083,0.855872855,0.331460674,0.174796748,4.392857143,0.06097561,4.821428571,4.662698413,4.662698413,-1.548428571,0.185301587,-3.253698413,-0.069,-0.206872855,-0.121046083,-0.086826772,2963,3,3,14637.33333,1200.0,1200.0
435,49,50,1,win,2024.5.14,2024.5.19,5,롯데,5,2,2,1,4,1,3,46.0,189,37,4,1,5,19,19,46,20,1,1,0,0,0,6,4,197,179,41,30,6,1,4,17,16,11,0,2,40,2,4,2,5,0,0.229,0.271,0.341,0.612,0.27,0.243,4.109,0.106,3.717,5.242,1.239,KIA,6,4,1,2,5,1,1,57.0,252,55,10,2,5,26,24,37,27,1,7,2,0,0,5,1,249,224,64,50,6,1,7,36,33,21,2,2,36,0,2,4,5,0,0.286,0.352226721,0.415178571,0.767405292,0.314917127,0.146825397,4.421052632,0.107142857,3.789473684,4.288499025,4.288499025,-0.072473684,0.953500975,-3.049499025,-0.057,-0.155405292,-0.074178571,-0.081226721,2787,5,1,17449.4,400.0,400.0
442,50,51,1,win,2024.5.15,2024.5.21,2,롯데,5,3,1,2,3,0,3,47.0,179,33,2,1,4,13,13,42,13,0,1,0,0,0,4,5,198,176,40,29,8,0,3,19,16,13,0,4,42,2,4,2,7,0,0.227,0.277,0.324,0.601,0.278,0.235,3.809,0.073,2.489,4.137,0.979,KIA,6,4,1,2,5,2,2,56.0,245,46,10,1,4,24,22,44,29,1,9,4,0,0,7,2,239,217,57,45,6,1,5,32,29,19,2,2,36,0,1,4,6,0,0.263,0.327731092,0.368663594,0.696394687,0.295454545,0.179591837,4.375,0.118367347,3.535714286,4.503968254,4.503968254,-1.046714286,-0.366968254,-3.524968254,-0.036,-0.095394687,-0.044663594,-0.050731092,2787,6,0,18334.16667,0.0,0.0
451,51,52,1,win,2024.5.16,2024.5.22,1,롯데,6,4,1,3,3,0,4,56.0,212,39,3,1,4,15,15,44,16,0,1,0,0,0,4,5,234,206,49,34,11,1,3,23,20,17,0,5,45,3,5,3,7,0,0.238,0.292,0.345,0.637,0.286,0.208,3.786,0.075,2.411,3.73,0.982,KIA,6,3,2,2,2,2,2,55.0,241,47,10,2,4,24,22,36,28,1,10,3,0,1,4,2,231,209,49,39,6,1,3,26,24,21,2,0,35,0,1,5,5,0,0.234,0.310344828,0.315789474,0.626134301,0.269005848,0.149377593,4.381818182,0.116182573,3.6,4.202020202,4.202020202,-1.189,-0.472020202,-3.220020202,0.004,0.010865699,0.029210526,-0.018344828,2787,5,1,19199.8,230.0,230.0
462,52,53,0,lose,2024.5.17,2024.5.23,2,롯데,6,4,1,3,1,0,4,56.0,221,50,5,2,4,21,21,44,14,0,0,0,0,0,4,4,239,210,58,38,12,1,7,31,26,17,0,7,43,2,4,2,9,0,0.276,0.328,0.443,0.77,0.315,0.199,3.946,0.063,3.375,3.611,1.143,삼성,6,3,3,2,5,1,1,56.0,271,73,13,1,7,43,40,46,29,1,3,1,0,0,10,2,226,204,54,36,9,1,8,28,27,16,0,2,50,2,4,4,5,0,0.265,0.315315315,0.43627451,0.751589825,0.310810811,0.169741697,4.839285714,0.10701107,6.428571429,5.357142857,5.357142857,-3.053571429,-1.746142857,-4.214142857,0.011,0.018410175,0.00672549,0.012684685,2032,4,2,20484.25,460.0,460.0
474,53,54,1,win,2024.5.18,2024.5.24,4,롯데,6,3,2,3,0,0,3,56.0,236,56,8,2,4,31,29,48,22,0,0,2,0,0,5,4,241,210,58,37,12,2,7,31,27,19,0,7,44,3,5,2,10,0,0.276,0.332,0.452,0.784,0.315,0.203,4.214,0.093,4.661,4.246,1.393,삼성,6,3,3,1,5,1,1,56.0,270,70,12,2,6,43,38,49,27,1,3,0,0,0,12,1,240,212,56,37,12,1,6,32,32,23,0,2,54,2,3,3,4,0,0.264,0.333333333,0.41509434,0.748427673,0.324675325,0.181481481,4.821428571,0.1,6.107142857,5.099206349,5.099206349,-1.446142857,-0.853206349,-3.706206349,0.012,0.035572327,0.03690566,-0.001333333,2032,3,3,22031.0,690.0,690.0
484,54,55,1,win,2024.5.19,2024.5.25,4,롯데,6,4,1,4,1,0,3,57.0,239,52,8,3,0,29,27,46,23,0,2,3,0,0,4,4,238,210,63,39,13,2,9,35,31,16,0,8,40,2,4,3,9,0,0.3,0.346,0.51,0.856,0.331,0.192,4.193,0.096,4.263,3.138,1.316,삼성,6,2,4,1,6,1,1,55.0,260,70,15,2,7,42,37,48,23,1,4,1,0,0,8,2,241,210,52,36,11,2,3,29,29,23,0,3,54,4,5,3,3,0,0.248,0.316455696,0.361904762,0.678360458,0.312101911,0.184615385,4.727272727,0.088461538,6.054545455,5.171717172,5.171717172,-1.791545455,-2.033717172,-3.855717172,0.052,0.177639542,0.148095238,0.029544304,2032,3,3,21092.0,690.0,690.0
491,55,56,0,lose,2024.5.21,2024.5.26,1,롯데,6,5,1,4,3,0,3,54.0,235,56,7,2,0,27,25,41,21,0,2,3,0,0,5,1,233,204,68,43,14,3,8,41,36,19,0,6,39,4,4,3,8,0,0.333,0.383,0.549,0.932,0.373,0.174,4.352,0.089,4.167,2.984,1.426,한화,5,4,1,2,4,1,1,46.0,202,47,9,1,0,24,24,39,23,2,4,1,0,1,12,2,200,175,48,34,6,0,8,30,30,20,1,3,45,2,2,2,5,0,0.274,0.348484848,0.445714286,0.794199134,0.322580645,0.193069307,4.391304348,0.113861386,4.695652174,3.550724638,3.550724638,-0.528652174,-0.566724638,-2.124724638,0.059,0.137800866,0.103285714,0.034515152,616,3,3,21092.0,690.0,690.0
504,56,57,0,lose,2024.5.22,2024.5.28,4,롯데,6,4,2,3,3,0,2,53.0,248,66,12,2,1,38,35,40,23,0,3,4,0,0,5,0,231,208,71,48,13,3,7,38,35,15,0,4,35,4,4,4,5,0,0.341,0.379,0.534,0.913,0.376,0.161,4.679,0.093,5.943,3.396,1.679,한화,5,4,1,2,4,1,2,46.0,201,50,9,1,0,23,23,38,21,2,3,1,0,1,11,3,202,182,54,36,11,0,7,34,33,15,1,3,43,2,2,1,4,0,0.297,0.35,0.472527473,0.822527473,0.350746269,0.189054726,4.369565217,0.104477612,4.5,3.357487923,3.357487923,1.443,0.038512077,-1.678487923,0.044,0.090472527,0.061472527,0.029,616,3,3,20804.66667,690.0,690.0
517,57,58,0,lose,2024.5.23,2024.5.29,7,롯데,6,3,3,2,3,0,2,52.0,246,68,11,2,2,39,35,46,21,0,3,5,0,0,5,0,231,207,65,45,11,2,7,34,31,18,0,3,42,3,3,3,6,0,0.314,0.364,0.488,0.852,0.36,0.187,4.731,0.085,6.058,3.868,1.712,한화,5,4,1,2,6,1,3,46.0,194,41,7,1,0,18,18,40,23,2,2,1,0,1,8,3,193,174,49,33,9,0,7,30,29,14,1,3,44,2,2,4,3,0,0.282,0.335078534,0.454022989,0.789101523,0.336,0.206185567,4.217391304,0.118556701,3.52173913,3.599033816,3.599033816,2.53626087,0.268966184,-1.887033816,0.032,0.062898477,0.033977011,0.028921466,616,3,3,20804.66667,660.0,660.0
528,58,59,1,win,2024.5.24,2024.5.30,8,롯데,6,2,4,1,3,0,1,51.0,248,69,13,1,6,48,44,45,27,0,3,6,0,0,5,0,223,201,54,40,9,2,3,24,23,18,0,1,47,3,3,3,3,0,0.269,0.324,0.378,0.702,0.331,0.181,4.863,0.109,7.765,5.425,1.882,NC,6,0,6,0,0,0,0,51.0,245,70,12,3,8,55,53,41,30,0,1,2,0,0,0,3,236,207,60,46,3,0,11,26,26,22,0,4,42,3,3,11,0,0,0.29,0.353448276,0.463768116,0.817216392,0.312101911,0.167346939,4.803921569,0.12244898,9.352941176,6.013071895,6.013071895,-1.587941176,-0.588071895,-4.131071895,-0.021,-0.115216392,-0.085768116,-0.029448276,3629,3,3,20804.66667,630.0,630.0
535,59,60,0,lose,2024.5.25,2024.5.31,5,롯데,6,3,3,1,3,0,1,51.0,237,64,11,1,7,42,40,37,21,0,5,4,1,0,4,0,226,203,60,46,10,1,3,32,31,19,0,1,47,3,3,3,2,0,0.296,0.351,0.399,0.75,0.365,0.156,4.647,0.089,7.059,4.967,1.667,NC,6,0,6,0,0,0,0,51.0,251,71,12,3,7,57,52,43,34,0,1,2,0,0,1,3,236,209,59,43,5,0,11,27,27,20,0,6,41,1,1,12,0,0,0.282,0.343478261,0.464114833,0.807593093,0.303797468,0.171314741,4.921568627,0.135458167,9.176470588,6.078431373,6.078431373,-2.117470588,-1.111431373,-4.411431373,0.014,-0.057593093,-0.065114833,0.007521739,3629,3,3,20804.66667,600.0,600.0
549,60,61,1,win,2024.5.26,2024.6.1,9,롯데,6,2,4,0,3,1,1,51.0,237,66,12,0,8,40,38,37,21,0,3,3,1,0,3,0,223,198,53,43,8,1,1,27,26,20,0,1,50,3,4,2,3,0,0.268,0.33,0.333,0.664,0.347,0.156,4.647,0.089,6.706,5.251,1.706,NC,6,1,5,1,0,0,0,52.0,243,70,11,3,6,49,44,49,24,0,2,0,0,1,2,3,231,204,54,39,5,0,10,25,25,18,0,6,39,2,3,11,0,0,0.265,0.321428571,0.43627451,0.757703081,0.280254777,0.201646091,4.673076923,0.098765432,7.615384615,5.299145299,5.299145299,-0.909384615,-0.048145299,-3.593145299,0.003,-0.093703081,-0.10327451,0.008571429,3629,3,3,21777.33333,600.0,600.0
559,61,62,1,win,2024.5.28,2024.6.2,9,롯데,6,2,4,0,1,1,1,51.0,238,66,15,0,8,43,41,41,20,0,4,3,1,0,2,0,223,199,51,38,10,0,3,31,31,20,0,2,48,1,2,2,3,0,0.256,0.323,0.352,0.674,0.322,0.172,4.667,0.084,7.235,5.359,1.686,KIA,6,4,2,4,3,0,2,54.0,241,60,7,0,14,34,32,46,23,0,4,0,0,0,1,2,245,215,68,49,10,2,7,40,39,23,0,1,46,5,6,4,3,0,0.316,0.374485597,0.479069767,0.853555364,0.365269461,0.190871369,4.462962963,0.095435685,5.333333333,7.057613169,7.057613169,1.901666667,-1.698613169,-5.371613169,-0.06,-0.179555364,-0.127069767,-0.051485597,2787,1,5,19110.0,1900.0,1900.0
567,62,63,1,win,2024.5.29,2024.6.4,7,롯데,6,3,3,0,1,1,2,52.0,225,56,12,0,7,31,30,44,16,0,3,2,1,0,1,0,228,201,55,40,10,0,5,34,34,21,0,3,46,2,3,4,3,0,0.274,0.339,0.398,0.737,0.329,0.196,4.327,0.071,5.192,4.85,1.385,KIA,6,3,3,3,3,0,2,54.0,235,60,7,0,12,32,30,42,20,0,2,0,0,0,1,2,228,204,57,42,9,1,5,29,28,18,0,1,45,4,5,4,3,0,0.279,0.331858407,0.406862745,0.738721152,0.329113924,0.178723404,4.351851852,0.085106383,5.0,6.172839506,6.172839506,0.192,-1.322839506,-4.787839506,-0.005,-0.001721152,-0.008862745,0.007141593,2787,0,4,0.0,800.0,1640.0
574,63,64,0,lose,2024.5.30,2024.6.5,4,롯데,6,4,2,0,2,1,1,53.0,229,55,13,0,6,31,30,40,16,0,3,2,1,0,1,0,236,210,64,47,11,1,5,43,42,18,0,4,43,2,4,4,4,0,0.305,0.357,0.438,0.795,0.36,0.175,4.321,0.07,5.094,4.319,1.34,KIA,6,2,4,2,1,0,2,54.0,242,65,9,1,10,38,35,41,19,0,3,1,0,0,3,1,223,205,54,41,9,1,3,26,24,13,0,1,38,3,4,4,3,0,0.263,0.303167421,0.36097561,0.664143031,0.305389222,0.169421488,4.481481481,0.078512397,5.833333333,5.534979424,5.534979424,-0.739333333,-1.215979424,-4.194979424,0.042,0.130856969,0.07702439,0.053832579,2787,0,4,0.0,800.0,1640.0
584,64,65,1,win,2024.5.31,2024.6.6,4,롯데,6,4,2,0,2,2,1,53.0,221,46,10,0,5,21,20,34,15,0,3,1,1,0,2,0,238,213,67,46,12,2,7,47,46,17,0,4,43,2,4,4,4,0,0.315,0.362,0.488,0.85,0.364,0.154,4.17,0.068,3.396,3.732,1.151,SSG,6,5,1,3,4,1,3,54.0,223,34,5,0,2,10,9,61,25,0,5,0,0,0,3,0,233,201,54,36,9,0,9,31,31,22,0,5,41,3,5,5,15,0,0.269,0.336283186,0.447761194,0.78404438,0.292207792,0.273542601,4.12962963,0.112107623,1.5,4.588477366,4.588477366,1.896,-0.856477366,-3.437477366,0.046,0.06595562,0.040238806,0.025716814,-28,0,4,0.0,800.0,1640.0
603,66,67,0,lose,2024.6.2,2024.6.8,3,롯데,5,4,1,1,3,1,1,44.0,188,39,9,1,3,19,18,29,16,0,3,1,0,0,4,0,202,178,57,37,12,2,6,43,41,17,0,4,31,2,3,4,3,0,0.32,0.376,0.511,0.887,0.357,0.154,4.273,0.085,3.682,3.662,1.25,SSG,5,3,2,2,2,1,2,44.0,192,37,8,0,1,19,16,44,20,0,6,0,0,0,3,2,195,162,44,31,8,1,4,25,24,24,0,4,33,4,5,6,13,0,0.272,0.357894737,0.407407407,0.765302144,0.310077519,0.229166667,4.363636364,0.104166667,3.272727273,4.065656566,4.065656566,0.409272727,-0.403656566,-2.815656566,0.048,0.121697856,0.103592593,0.018105263,-28,0,4,0.0,800.0,1640.0
612,67,68,0,lose,2024.6.4,2024.6.9,2,롯데,6,4,2,2,4,1,2,53.0,221,51,13,2,5,23,22,35,16,0,2,3,0,0,3,0,227,203,62,43,11,4,4,36,34,17,0,3,35,3,4,7,5,0,0.305,0.354,0.458,0.812,0.347,0.158,4.17,0.072,3.736,3.836,1.264,키움,6,3,3,1,2,1,2,52.0,237,59,8,0,3,30,27,39,25,2,4,3,1,0,6,5,250,211,66,49,13,0,4,35,33,30,1,5,32,4,4,7,4,0,0.313,0.394308943,0.431279621,0.825588564,0.346368715,0.164556962,4.557692308,0.105485232,4.673076923,4.102564103,4.102564103,-0.937076923,-0.266564103,-2.838564103,-0.008,-0.013588564,0.026720379,-0.040308943,4706,0,4,0.0,800.0,1640.0
626,68,69,1,win,2024.6.5,2024.6.11,6,롯데,6,3,3,2,4,1,2,53.0,231,56,12,3,5,28,27,38,20,0,4,3,0,1,3,0,222,198,53,35,12,4,2,32,30,19,0,2,38,2,3,4,5,0,0.268,0.329,0.399,0.728,0.319,0.165,4.358,0.087,4.585,4.214,1.434,키움,6,3,3,1,5,1,1,52.0,236,56,9,0,2,29,27,38,27,2,4,3,1,0,6,5,238,202,55,38,12,1,4,29,29,26,1,7,39,3,3,4,3,0,0.272,0.353448276,0.400990099,0.754438375,0.314814815,0.161016949,4.538461538,0.11440678,4.673076923,3.91025641,3.91025641,-0.088076923,0.30374359,-2.47625641,-0.004,-0.026438375,-0.001990099,-0.024448276,4706,3,3,21777.33333,600.0,600.0
633,69,70,1,win,2024.6.6,2024.6.12,3,롯데,6,3,3,3,3,1,3,53.0,234,55,13,3,6,27,26,44,24,0,4,2,0,1,3,0,214,194,53,32,14,3,4,32,30,16,0,1,32,3,3,5,3,0,0.273,0.324,0.438,0.762,0.304,0.188,4.415,0.103,4.415,4.99,1.491,키움,6,3,3,1,4,0,1,52.0,232,60,12,0,4,34,30,35,20,0,4,3,1,0,3,6,236,203,54,35,14,1,4,29,29,24,1,5,41,3,4,2,0,0,0.266,0.341991342,0.403940887,0.745932229,0.310559006,0.150862069,4.461538462,0.086206897,5.192307692,3.888888889,3.888888889,-0.777307692,1.101111111,-2.397888889,0.007,0.016067771,0.034059113,-0.017991342,4706,3,3,21777.33333,600.0,600.0
643,70,71,0,lose,2024.6.7,2024.6.13,3,롯데,6,4,2,3,4,0,3,54.0,245,60,14,3,4,32,31,47,25,0,5,3,0,1,2,0,226,204,67,42,18,3,4,46,40,18,0,1,22,3,3,6,4,0,0.328,0.378,0.505,0.883,0.348,0.192,4.537,0.102,5.167,4.547,1.574,LG,6,2,4,1,1,1,1,50.0,227,58,7,0,11,37,33,41,22,1,2,2,0,1,4,3,242,204,57,37,13,2,5,29,29,28,1,3,38,6,7,4,3,0,0.279,0.359832636,0.43627451,0.796107146,0.311377246,0.18061674,4.54,0.0969163,5.94,6.466666667,6.466666667,-0.773,-1.919666667,-4.892666667,0.049,0.086892854,0.06872549,0.018167364,-2058,3,3,21777.33333,600.0,600.0
654,71,72,1,win,2024.6.8,2024.6.14,4,롯데,6,3,3,2,2,0,3,53.0,234,57,13,3,5,30,29,50,23,0,3,3,0,1,2,1,221,204,62,38,16,3,5,38,33,13,0,0,23,2,4,5,3,0,0.304,0.342,0.485,0.828,0.32,0.214,4.415,0.098,4.925,4.906,1.509,LG,6,2,4,1,3,1,1,50.0,221,53,7,0,10,33,29,43,19,0,1,1,0,0,3,3,236,200,53,35,11,2,5,26,26,29,1,2,41,4,5,4,5,0,0.265,0.354700855,0.415,0.769700855,0.303797468,0.194570136,4.42,0.085972851,5.22,6.066666667,6.066666667,-0.295,-1.160666667,-4.557666667,0.039,0.058299145,0.07,-0.012700855,-2058,0,0,0.0,,
665,72,73,0,lose,2024.6.9,2024.6.15,5,롯데,7,4,3,3,2,2,3,62.0,276,69,14,3,5,38,37,60,27,0,4,5,0,2,6,2,272,247,80,50,19,3,8,47,42,20,1,0,32,3,5,5,6,0,0.324,0.373,0.522,0.895,0.343,0.217,4.452,0.098,5.371,4.767,1.548,LG,6,1,5,1,3,2,1,50.0,234,64,10,0,12,40,36,44,19,1,1,2,0,1,6,2,238,201,54,41,8,1,4,26,26,28,0,3,47,5,6,2,8,0,0.269,0.35042735,0.378109453,0.728536803,0.322580645,0.188034188,4.68,0.081196581,6.48,6.688888889,6.688888889,-1.109,-1.921888889,-5.140888889,0.055,0.166463197,0.143890547,0.02257265,-2058,0,0,0.0,,
677,73,74,0,lose,2024.6.11,2024.6.16,7,롯데,6,3,3,2,1,3,3,53.2,256,67,12,2,3,39,37,56,28,1,5,4,1,2,7,2,248,223,70,44,16,1,9,49,42,20,1,1,27,2,4,2,4,0,0.314,0.37,0.516,0.886,0.323,0.219,4.812,0.109,6.259,4.908,1.786,KT,6,1,5,0,0,0,1,52.0,232,55,9,2,9,37,33,49,20,2,3,1,0,0,1,2,232,200,46,33,8,0,5,23,20,28,0,1,51,1,3,7,0,0,0.23,0.323144105,0.345,0.668144105,0.282758621,0.211206897,4.461538462,0.086206897,5.711538462,5.876068376,5.876068376,0.547461538,-0.968068376,-4.090068376,0.084,0.217855895,0.171,0.046855895,-87,0,6,0.0,2250.0,2250.0
687,74,75,1,win,2024.6.12,2024.6.18,7,롯데,6,3,3,2,1,3,2,52.2,253,70,13,2,4,40,38,49,25,1,4,6,1,1,7,2,245,223,72,46,14,1,11,51,43,17,1,1,31,2,4,3,4,0,0.323,0.37,0.543,0.913,0.333,0.194,4.847,0.099,6.552,4.789,1.82,KT,6,2,4,1,2,0,1,53.0,227,52,8,2,8,33,32,52,19,2,2,1,0,0,1,3,222,194,45,31,8,1,5,23,20,23,0,2,47,1,2,8,0,0,0.232,0.311926606,0.360824742,0.672751348,0.27972028,0.22907489,4.283018868,0.083700441,5.433962264,5.555555556,5.555555556,1.118037736,-0.766555556,-3.735555556,0.091,0.240248652,0.182175258,0.058073394,-87,0,6,0.0,2250.0,2250.0
698,75,76,0,lose,2024.6.13,2024.6.19,8,롯데,6,3,3,1,4,3,1,52.2,258,75,13,2,4,43,42,46,25,1,5,8,1,1,7,2,253,229,73,48,13,2,10,55,45,18,1,1,38,1,4,2,5,0,0.319,0.369,0.524,0.893,0.346,0.178,4.943,0.097,7.241,4.662,1.916,KT,6,1,5,1,2,0,1,53.0,233,54,10,3,6,38,35,48,20,2,2,1,0,0,2,3,219,196,45,32,8,1,4,17,15,17,0,3,46,1,2,8,0,0,0.23,0.289719626,0.341836735,0.631556361,0.278911565,0.206008584,4.396226415,0.08583691,5.943396226,4.905660377,4.905660377,1.297603774,-0.243660377,-2.989660377,0.089,0.261443639,0.182163265,0.079280374,-87,1,5,19110.0,1900.0,1900.0
710,76,77,0,lose,2024.6.14,2024.6.20,10,롯데,6,2,4,1,3,3,1,51.2,250,76,13,3,7,40,38,47,21,2,4,9,1,1,7,2,249,222,65,43,10,1,11,43,37,21,2,1,46,1,4,2,4,0,0.293,0.358,0.495,0.853,0.325,0.188,4.883,0.084,6.68,5.382,1.895,키움,6,2,4,0,0,0,3,52.0,228,57,13,0,4,29,29,34,18,1,3,2,0,0,3,3,241,217,65,51,8,1,5,31,30,20,0,0,43,2,4,3,2,0,0.3,0.355648536,0.414746544,0.770395079,0.350877193,0.149122807,4.384615385,0.078947368,5.019230769,3.717948718,3.717948718,1.660769231,1.664051282,-1.822948718,-0.007,0.082604921,0.080253456,0.002351464,4706,2,4,19432.5,1550.0,1550.0
720,77,78,1,win,2024.6.15,2024.6.21,10,롯데,6,2,4,1,3,3,1,51.2,251,80,13,2,6,40,38,46,19,2,4,9,1,1,6,1,251,222,64,43,10,1,10,42,36,25,2,1,48,1,2,2,5,0,0.288,0.364,0.477,0.841,0.327,0.183,4.902,0.076,6.68,4.926,1.934,키움,6,3,3,1,1,0,4,52.0,224,49,10,0,3,25,25,35,22,0,2,2,0,0,4,2,240,214,67,54,8,1,4,32,31,22,0,0,47,2,4,5,3,0,0.313,0.37394958,0.41588785,0.78983743,0.381818182,0.15625,4.307692308,0.098214286,4.326923077,3.739316239,3.739316239,2.353076923,1.186683761,-1.805316239,-0.025,0.05116257,0.06111215,-0.00994958,4706,3,3,17244.0,1200.0,1200.0
730,78,79,1,win,2024.6.16,2024.6.22,10,롯데,6,2,4,0,3,1,2,51.2,244,75,13,2,7,33,31,42,17,2,4,7,1,0,2,0,240,211,54,37,9,1,7,39,32,24,1,1,44,1,3,4,3,0,0.256,0.333,0.408,0.741,0.292,0.172,4.766,0.07,5.449,4.905,1.797,키움,6,3,3,1,1,0,3,52.0,223,45,10,0,3,27,25,33,25,0,1,2,0,0,3,1,240,211,67,52,9,1,5,32,31,24,0,1,43,2,4,7,3,0,0.318,0.383966245,0.440758294,0.824724539,0.375757576,0.147982063,4.288461538,0.112107623,4.326923077,3.846153846,3.846153846,1.122076923,1.058846154,-2.049153846,-0.062,-0.083724539,-0.032758294,-0.050966245,4706,4,2,18622.5,800.0,800.0
744,80,81,1,win,2024.6.19,2024.6.25,4,롯데,6,3,2,0,4,1,1,55.0,254,65,12,1,7,35,32,50,30,1,4,5,0,0,2,2,271,233,72,49,14,3,6,52,47,27,2,1,44,5,9,3,4,0,0.309,0.378,0.472,0.85,0.351,0.197,4.618,0.118,5.236,5.677,1.727,KIA,6,3,2,3,4,3,3,57.0,259,62,9,1,8,40,29,49,23,2,2,1,0,1,4,2,256,218,71,46,14,0,11,46,44,31,0,0,35,1,6,7,2,0,0.326,0.408,0.541284404,0.949284404,0.346820809,0.189189189,4.543859649,0.088803089,4.578947368,5.282651072,5.282651072,0.657052632,0.394348928,-3.555651072,-0.017,-0.099284404,-0.069284404,-0.03,2787,4,0,18622.5,0.0,0.0
755,81,82,1,win,2024.6.20,2024.6.26,5,롯데,6,3,2,1,2,1,1,55.0,252,66,10,1,7,34,31,52,29,1,4,7,0,0,2,2,266,225,72,50,14,2,6,45,43,30,2,1,42,7,10,5,4,0,0.32,0.394,0.48,0.874,0.359,0.206,4.582,0.115,5.073,5.697,1.727,KIA,6,3,2,3,4,4,3,56.0,256,63,10,1,7,39,28,49,25,1,2,2,0,1,3,3,255,219,71,47,13,0,11,45,42,29,0,1,42,0,5,7,2,0,0.324,0.403225806,0.534246575,0.937472382,0.361445783,0.19140625,4.571428571,0.09765625,4.5,5.238095238,5.238095238,0.573,0.458904762,-3.511095238,-0.004,-0.063472382,-0.054246575,-0.009225806,2787,3,0,18460.0,0.0,0.0
761,82,83,1,win,2024.6.21,2024.6.27,1,롯데,6,4,1,1,2,1,2,56.0,252,61,9,0,4,29,27,50,31,0,4,5,0,0,2,2,265,223,73,48,19,3,3,50,48,30,1,1,38,8,11,6,4,0,0.327,0.397,0.48,0.877,0.368,0.198,4.5,0.123,4.339,4.861,1.643,한화,6,3,3,1,1,1,1,52.0,243,66,11,0,11,42,41,42,24,0,2,2,0,0,5,1,239,202,49,36,5,1,7,34,32,32,0,4,42,1,1,3,6,0,0.243,0.344680851,0.381188119,0.72586897,0.272727273,0.172839506,4.673076923,0.098765432,7.096153846,6.388888889,6.388888889,-2.757153846,-1.527888889,-4.745888889,0.084,0.15113103,0.098811881,0.052319149,616,2,1,17812.5,400.0,400.0
801,86,87,0,lose,2024.6.26,2024.7.2,1,롯데,3,3,0,2,3,0,1,27.0,114,28,2,0,2,10,10,21,8,0,1,4,0,0,1,0,122,103,38,23,13,1,1,23,23,15,0,1,22,3,3,4,3,0,0.369,0.438,0.544,0.982,0.446,0.184,4.222,0.07,3.333,3.786,1.333,두산,5,2,3,0,1,0,1,42.0,178,38,4,0,8,25,24,30,17,0,1,2,0,0,3,1,189,161,50,38,7,0,5,29,28,20,0,4,42,4,4,6,8,0,0.311,0.378378378,0.447204969,0.825583347,0.381355932,0.168539326,4.238095238,0.095505618,5.142857143,5.687830688,5.687830688,-1.809857143,-1.901830688,-4.354830688,0.058,0.156416653,0.096795031,0.059621622,2963,2,3,19369.0,300.0,300.0
813,87,88,0,lose,2024.6.27,2024.7.3,3,롯데,3,2,1,1,2,0,1,26.0,117,29,4,0,4,19,19,19,9,0,2,3,0,0,3,0,131,109,37,22,13,1,1,25,25,19,0,2,28,1,1,2,4,0,0.339,0.434,0.505,0.939,0.444,0.162,4.5,0.077,6.577,5.0,1.462,두산,5,2,3,1,2,0,1,42.0,181,41,7,0,6,25,24,35,16,0,2,3,0,0,4,2,182,158,47,35,6,0,6,27,25,17,0,4,44,3,3,5,6,0,0.297,0.359550562,0.449367089,0.80891765,0.369369369,0.193370166,4.30952381,0.08839779,5.142857143,5.185185185,5.185185185,1.434142857,-0.185185185,-3.723185185,0.042,0.13008235,0.055632911,0.074449438,2963,1,4,9914.0,1340.0,1340.0
828,88,89,0,lose,2024.6.28,2024.7.4,8,롯데,3,1,2,1,2,0,0,25.0,117,31,4,0,5,23,21,24,9,0,2,3,0,0,3,0,131,107,27,18,8,0,1,17,17,20,0,4,36,0,0,0,4,0,0.252,0.37,0.355,0.725,0.371,0.205,4.68,0.077,7.56,6.222,1.6,SSG,5,2,3,1,0,0,1,42.0,175,36,4,0,4,17,14,46,14,0,3,0,0,0,6,1,175,162,35,26,6,0,3,10,10,7,0,0,37,3,6,2,2,0,0.216,0.244186047,0.308641975,0.552828022,0.256,0.262857143,4.166666667,0.08,3.0,4.920634921,4.920634921,4.56,1.301365079,-3.320634921,0.036,0.172171978,0.046358025,0.125813953,-28,2,2,13491.0,840.0,840.0
840,89,90,1,win,2024.6.29,2024.7.9,10,롯데,3,0,3,0,0,0,0,24.0,122,33,6,0,6,26,22,25,13,0,3,3,0,0,4,0,127,104,24,17,5,0,2,15,14,19,0,4,31,0,0,1,2,0,0.231,0.35,0.337,0.686,0.31,0.205,5.083,0.107,8.25,7.731,1.917,SSG,5,3,2,1,1,1,1,43.0,173,34,0,0,4,11,10,45,11,0,4,1,0,0,6,1,184,163,40,27,9,0,4,17,16,11,0,1,39,4,9,2,4,0,0.245,0.286516854,0.374233129,0.660749983,0.290322581,0.260115607,4.023255814,0.063583815,2.093023256,4.521963824,4.521963824,6.156976744,3.209036176,-2.604963824,-0.014,0.025250017,-0.037233129,0.063483146,-28,2,2,13491.0,840.0,840.0
849,90,91,0,lose,2024.6.30,2024.7.10,9,롯데,4,1,3,0,0,0,1,33.0,155,36,7,0,6,27,22,37,15,0,3,4,0,0,5,0,167,140,34,26,5,0,3,21,20,22,0,4,39,0,1,1,3,0,0.243,0.346,0.343,0.689,0.316,0.239,4.697,0.097,6.0,6.633,1.545,SSG,5,2,3,1,1,1,2,46.0,190,37,0,0,5,17,14,46,14,0,3,1,0,0,6,0,187,167,34,23,10,0,1,12,10,12,0,1,47,2,7,1,4,0,0.204,0.254143646,0.281437126,0.535580772,0.272727273,0.242105263,4.130434783,0.073684211,2.739130435,4.806763285,4.806763285,3.260869565,1.826236715,-3.261763285,0.039,0.153419228,0.061562874,0.091856354,-28,3,2,17378.66667,840.0,840.0
859,91,92,0,lose,2024.7.2,2024.7.11,9,롯데,5,1,4,0,0,0,1,41.0,195,50,7,0,8,32,27,43,17,0,3,4,0,0,7,0,203,173,40,31,5,0,4,25,24,25,0,4,51,0,1,2,3,0,0.231,0.328,0.329,0.658,0.305,0.221,4.756,0.087,5.927,6.531,1.634,KT,5,3,2,2,1,1,2,47.0,221,55,12,0,3,38,33,45,23,2,2,3,0,0,6,1,209,187,51,40,8,0,3,22,20,17,0,2,50,2,3,4,0,0,0.273,0.330097087,0.363636364,0.693733451,0.352941176,0.20361991,4.70212766,0.104072398,6.319148936,4.680851064,4.680851064,-0.392148936,1.850148936,-3.046851064,-0.042,-0.035733451,-0.034636364,-0.002097087,-87,0,3,0.0,800.0,1220.0
870,92,93,0,lose,2024.7.3,2024.7.12,10,롯데,6,1,5,0,0,1,2,50.0,234,56,8,0,8,37,30,48,20,0,4,5,0,0,7,1,246,210,53,42,7,0,4,29,28,29,0,5,61,0,2,3,4,0,0.252,0.343,0.343,0.686,0.338,0.205,4.68,0.085,5.4,5.778,1.52,KT,5,3,2,2,1,1,1,45.0,219,57,11,0,3,37,32,45,26,2,2,3,0,0,6,1,201,176,44,35,7,0,2,21,19,18,0,3,47,3,4,3,0,0,0.25,0.314720812,0.323863636,0.638584449,0.323076923,0.205479452,4.866666667,0.118721461,6.4,5.111111111,5.111111111,-1.0,0.666888889,-3.591111111,0.002,0.047415551,0.019136364,0.028279188,-87,0,3,0.0,800.0,1220.0
890,94,95,1,win,2024.7.9,2024.7.14,10,롯데,5,1,4,0,1,2,2,43.0,192,42,8,0,5,24,16,40,15,1,2,2,0,0,5,1,190,168,42,37,2,0,3,21,20,16,0,3,44,0,3,3,2,0,0.25,0.315,0.315,0.631,0.322,0.208,4.465,0.078,3.349,4.91,1.326,두산,5,2,3,0,3,1,0,45.2,213,38,5,0,4,27,24,54,35,1,4,1,0,0,4,3,210,180,52,36,9,2,5,33,29,24,1,4,41,1,2,4,10,0,0.289,0.373786408,0.444444444,0.818230852,0.348148148,0.253521127,4.712389381,0.164319249,4.778761062,6.51425762,6.51425762,-1.429761062,-1.60425762,-5.18825762,-0.039,-0.187230852,-0.129444444,-0.058786408,2963,0,3,0.0,,1220.0
896,95,96,1,win,2024.7.10,2024.7.16,6,롯데,5,2,3,0,2,2,3,44.0,183,34,5,0,4,17,11,42,13,1,1,2,0,0,3,1,188,164,43,37,3,0,3,21,21,17,0,3,40,0,4,3,2,0,0.262,0.331,0.335,0.667,0.331,0.23,4.159,0.071,2.25,4.419,1.068,두산,6,2,4,0,3,1,0,53.2,248,47,6,0,5,31,28,56,39,1,5,1,0,2,4,3,241,209,54,38,9,2,5,33,29,26,1,4,52,1,2,4,10,0,0.258,0.341772152,0.392344498,0.73411665,0.320261438,0.225806452,4.661654135,0.157258065,4.736842105,6.140350877,6.140350877,-2.486842105,-1.721350877,-5.072350877,0.004,-0.06711665,-0.057344498,-0.010772152,2963,3,3,8763.0,300.0,300.0
907,96,97,0,lose,2024.7.11,2024.7.17,7,롯데,5,2,3,0,2,2,3,45.0,199,42,5,0,4,18,13,42,17,3,2,1,0,0,6,1,188,163,39,32,4,0,3,21,21,19,0,3,41,0,3,3,2,0,0.239,0.319,0.319,0.638,0.303,0.211,4.422,0.085,2.6,4.617,1.311,두산,6,2,4,0,5,2,1,53.2,241,45,5,0,5,30,27,54,36,1,3,1,0,2,5,3,246,210,54,42,6,2,4,29,26,29,2,5,52,1,2,5,13,0,0.257,0.351239669,0.361904762,0.713144431,0.322580645,0.22406639,4.530075188,0.149377593,4.567669173,5.868838764,5.868838764,-1.967669173,-1.251838764,-4.557838764,-0.018,-0.075144431,-0.042904762,-0.032239669,2963,3,3,12290.66667,300.0,300.0
916,97,98,1,win,2024.7.12,2024.7.18,6,롯데,5,2,3,0,2,2,4,46.0,189,32,5,0,3,16,11,46,15,3,2,1,0,0,4,1,184,160,36,29,4,0,3,19,19,18,0,3,36,0,3,2,2,0,0.225,0.303,0.306,0.61,0.273,0.243,4.109,0.079,2.152,4.251,1.022,삼성,5,2,3,0,3,0,0,42.0,198,55,9,2,5,35,33,33,21,0,3,3,0,0,7,4,203,164,37,25,6,1,5,28,26,33,1,3,47,1,3,5,4,0,0.226,0.35678392,0.365853659,0.722637578,0.283185841,0.166666667,4.714285714,0.106060606,7.071428571,5.132275132,5.132275132,-4.919428571,-0.881275132,-4.110275132,-0.001,-0.112637578,-0.059853659,-0.05378392,2032,2,3,13759.0,300.0,300.0
925,98,99,0,lose,2024.7.13,2024.7.19,5,롯데,5,3,2,0,4,1,4,46.0,188,35,6,0,6,17,14,49,16,3,1,0,0,1,4,0,186,163,38,27,6,0,5,25,25,16,1,3,34,0,4,1,2,0,0.233,0.306,0.362,0.668,0.266,0.261,4.087,0.085,2.739,5.411,1.109,삼성,5,1,4,0,1,0,0,42.0,203,63,13,0,6,40,39,31,19,1,3,4,0,0,8,4,199,163,38,23,8,1,6,25,24,30,1,3,46,1,3,7,1,0,0.233,0.353846154,0.404907975,0.758754129,0.285714286,0.15270936,4.833333333,0.093596059,8.357142857,5.211640212,5.211640212,-5.618142857,0.199359788,-4.102640212,0.0,-0.090754129,-0.042907975,-0.047846154,2032,2,3,19369.0,300.0,300.0
935,99,100,0,lose,2024.7.14,2024.7.20,5,롯데,5,3,2,0,3,0,4,45.0,198,48,7,0,8,32,26,43,16,2,2,2,0,1,5,0,191,170,44,30,8,0,6,26,26,16,1,2,28,0,3,2,2,0,0.259,0.326,0.412,0.738,0.279,0.217,4.4,0.081,5.2,5.877,1.422,삼성,5,2,3,1,1,0,0,43.0,202,62,14,0,6,36,35,27,17,1,2,4,0,0,2,4,208,174,54,31,12,1,10,42,38,25,1,4,39,2,5,7,1,0,0.31,0.396039604,0.563218391,0.959257995,0.346456693,0.133663366,4.697674419,0.084158416,7.325581395,4.728682171,4.728682171,-2.125581395,1.148317829,-3.306682171,-0.051,-0.221257995,-0.151218391,-0.070039604,2032,2,3,19369.0,280.0,280.0
945,100,101,0,lose,2024.7.16,2024.7.21,5,롯데,6,3,3,0,5,1,5,53.0,237,61,8,0,10,38,32,53,18,2,3,3,0,1,5,1,235,204,51,34,10,0,7,31,30,25,1,3,34,0,3,3,2,0,0.25,0.335,0.402,0.737,0.27,0.224,4.472,0.076,5.434,6.08,1.491,LG,3,3,0,1,2,0,2,27.0,114,29,5,0,4,19,17,20,7,0,3,3,0,0,1,2,127,104,38,25,5,2,6,34,32,16,1,5,10,1,2,3,6,0,0.365,0.450819672,0.625,1.075819672,0.359550562,0.175438596,4.222222222,0.061403509,5.666666667,4.650205761,4.650205761,-0.232666667,1.429794239,-3.159205761,-0.115,-0.338819672,-0.223,-0.115819672,-2058,2,3,19369.0,260.0,260.0
969,102,103,0,lose,2024.7.18,2024.7.24,9,롯데,5,1,4,0,4,1,4,43.0,192,53,8,0,10,38,32,43,12,0,2,4,0,1,2,1,198,171,43,28,9,1,5,22,21,21,1,3,32,0,3,4,1,0,0.251,0.337,0.404,0.74,0.284,0.224,4.465,0.063,6.698,6.512,1.512,LG,3,3,0,1,1,1,2,27.0,108,23,4,1,3,11,10,24,6,0,3,1,0,0,1,1,120,102,30,20,5,2,3,24,23,12,0,5,20,1,1,2,6,0,0.294,0.365217391,0.470588235,0.835805627,0.3375,0.222222222,4.0,0.055555556,3.333333333,4.320987654,4.320987654,3.364666667,2.191012346,-2.808987654,-0.043,-0.095805627,-0.066588235,-0.028217391,-2058,1,4,20322.0,660.0,660.0
980,103,104,0,lose,2024.7.19,2024.7.25,10,롯데,5,1,4,0,6,3,3,45.0,216,63,11,0,10,44,35,46,20,1,2,4,0,1,2,1,215,185,52,34,13,1,4,26,24,21,1,4,34,2,5,4,3,0,0.281,0.354,0.427,0.781,0.322,0.213,4.8,0.093,7.0,6.963,1.844,NC,5,2,3,1,1,0,3,39.0,186,49,8,2,3,27,21,32,17,0,3,2,1,0,4,0,167,148,28,21,3,0,4,16,15,13,0,2,37,2,4,2,5,0,0.189,0.251533742,0.290540541,0.542074283,0.220183486,0.172043011,4.769230769,0.091397849,4.846153846,4.387464387,4.387464387,2.153846154,2.575535613,-2.543464387,0.092,0.238925717,0.136459459,0.102466258,3629,1,5,20322.0,1080.0,1080.0
990,104,105,1,win,2024.7.20,2024.7.26,10,롯데,5,0,5,0,4,3,2,44.0,219,63,10,0,9,47,38,45,23,1,6,5,0,0,2,1,204,174,41,27,10,1,3,18,16,24,0,3,37,2,3,6,2,0,0.236,0.325,0.356,0.681,0.279,0.205,4.977,0.105,7.773,6.97,1.955,NC,5,3,2,1,2,0,3,40.0,183,42,8,1,4,23,18,34,20,0,3,2,1,0,3,0,175,147,35,25,4,0,6,25,24,18,0,5,35,2,5,4,3,0,0.238,0.317365269,0.387755102,0.705120372,0.268518519,0.18579235,4.575,0.109289617,4.05,5.0,5.0,3.723,1.97,-3.045,-0.002,-0.024120372,-0.031755102,0.007634731,3629,0,6,0.0,1500.0,1500.0
1000,105,106,1,win,2024.7.21,2024.7.27,10,롯데,5,1,4,0,4,3,3,45.0,203,48,7,1,6,28,25,54,19,1,6,3,0,0,1,1,211,178,44,28,11,2,3,23,21,26,0,3,41,2,4,5,2,0,0.247,0.34,0.382,0.722,0.301,0.266,4.511,0.094,5.0,6.0,1.489,NC,6,3,3,1,2,0,3,49.0,229,56,11,2,5,32,27,40,25,0,3,2,1,0,3,0,209,180,42,29,5,1,7,27,26,18,0,6,46,2,5,4,3,0,0.233,0.3,0.388888889,0.688888889,0.271317829,0.174672489,4.673469388,0.109170306,4.959183673,4.988662132,4.988662132,0.040816327,1.011337868,-3.499662132,0.014,0.033111111,-0.006888889,0.04,3629,0,5,0.0,1420.0,1420.0
1007,106,107,0,lose,2024.7.23,2024.7.28,7,롯데,5,2,3,1,3,3,2,47.0,213,47,8,1,5,28,25,57,23,1,5,2,0,0,2,0,216,188,51,34,12,2,3,28,26,21,0,2,44,3,5,5,2,0,0.271,0.34,0.404,0.744,0.333,0.268,4.532,0.108,4.787,5.863,1.489,SSG,5,3,2,2,4,1,2,43.0,182,40,6,0,4,13,13,36,20,1,1,1,0,0,5,2,171,158,36,24,7,1,4,18,18,8,0,3,40,0,2,2,4,0,0.228,0.265060241,0.360759494,0.625819735,0.280701754,0.197802198,4.23255814,0.10989011,2.720930233,4.754521964,4.754521964,2.066069767,1.108478036,-3.265521964,0.043,0.118180265,0.043240506,0.074939759,-28,1,4,9914.0,1340.0,1340.0
1016,107,108,0,lose,2024.7.24,2024.7.30,6,롯데,5,2,3,1,3,3,1,46.0,225,55,9,1,8,37,33,50,29,1,6,1,0,0,1,1,216,191,52,35,13,1,3,32,29,19,0,2,41,3,4,5,2,0,0.272,0.333,0.398,0.731,0.327,0.222,4.891,0.129,6.457,7.029,1.826,SSG,6,4,2,2,4,1,2,52.0,220,48,8,0,4,18,17,42,23,1,2,2,0,0,5,2,218,196,49,32,9,1,7,29,28,16,0,4,46,0,2,2,4,0,0.25,0.306603774,0.413265306,0.71986908,0.293706294,0.190909091,4.230769231,0.104545455,2.942307692,4.38034188,4.38034188,3.514692308,2.64865812,-2.55434188,0.022,0.01113092,-0.015265306,0.026396226,-28,1,3,9914.0,1260.0,1260.0
1029,108,109,1,win,2024.7.25,2024.7.31,9,롯데,6,2,4,1,3,4,1,57.2,277,68,13,1,10,49,44,61,33,1,7,1,0,0,1,1,278,245,72,47,18,1,6,43,40,23,1,3,54,4,7,5,2,0,0.294,0.352,0.449,0.801,0.349,0.22,4.843,0.119,6.923,6.818,1.766,SSG,6,5,1,2,4,0,1,56.0,247,60,11,0,7,24,23,50,23,1,3,2,0,0,5,2,233,208,56,36,11,0,9,38,36,19,0,4,51,1,2,3,4,0,0.269,0.328947368,0.451923077,0.780870445,0.315436242,0.20242915,4.410714286,0.093117409,3.696428571,5.158730159,5.158730159,3.226571429,1.659269841,-3.392730159,0.025,0.020129555,-0.002923077,0.023052632,-28,2,2,13491.0,840.0,840.0
1045,110,111,1,win,2024.7.27,2024.8.2,5,롯데,5,3,2,2,2,2,2,47.2,220,52,9,1,8,33,31,46,21,0,3,1,0,0,2,1,232,203,61,40,15,1,5,39,37,21,2,2,46,3,6,4,0,0,0.3,0.367,0.458,0.825,0.361,0.209,4.661,0.095,5.911,6.097,1.547,LG,4,1,3,0,0,0,1,36.0,173,45,6,0,7,28,26,31,17,0,4,2,0,0,0,2,157,135,42,35,4,0,3,18,17,17,0,3,14,1,2,5,5,0,0.311,0.385620915,0.407407407,0.793028322,0.327731092,0.179190751,4.805555556,0.098265896,6.5,6.296296296,6.296296296,-0.589,-0.199296296,-4.749296296,-0.011,0.031971678,0.050592593,-0.018620915,-2058,1,4,20740.0,600.0,600.0
1065,112,113,1,win,2024.7.30,2024.8.4,5,롯데,4,2,2,2,1,1,2,37.2,176,40,6,0,8,28,26,28,19,0,2,1,0,0,2,1,175,152,46,29,12,0,5,28,27,15,2,3,36,3,5,4,1,0,0.303,0.366,0.48,0.847,0.36,0.159,4.731,0.108,6.29,6.481,1.586,NC,5,1,4,0,3,1,1,45.0,220,56,12,1,5,39,30,43,28,0,2,2,0,0,0,1,217,185,51,31,11,1,8,33,31,23,1,5,52,1,4,3,7,0,0.276,0.357142857,0.475675676,0.832818533,0.341269841,0.195454545,4.888888889,0.127272727,6.0,5.802469136,5.802469136,0.29,0.678530864,-4.216469136,0.027,0.014181467,0.004324324,0.008857143,3629,1,4,20740.0,600.0,600.0
1072,113,114,1,win,2024.7.31,2024.8.6,2,롯데,4,3,1,3,1,1,2,38.2,170,38,6,0,5,22,20,30,15,1,1,2,1,0,3,0,173,151,48,32,10,0,6,29,29,15,2,2,34,3,5,3,1,0,0.318,0.38,0.503,0.883,0.368,0.176,4.45,0.088,4.712,4.945,1.387,NC,5,2,3,0,3,2,2,44.0,215,54,11,1,5,34,32,38,31,0,2,1,0,0,0,1,224,185,62,39,14,1,8,45,43,23,3,6,48,6,10,3,8,0,0.335,0.405529954,0.551351351,0.956881305,0.4,0.176744186,4.886363636,0.144186047,6.545454545,5.909090909,5.909090909,-1.833454545,-0.964090909,-4.522090909,-0.017,-0.073881305,-0.048351351,-0.025529954,3629,1,4,20740.0,600.0,600.0
1091,115,116,0,lose,2024.8.2,2024.8.8,1,롯데,3,3,0,2,0,0,1,27.0,122,31,5,0,3,15,13,22,12,1,0,1,1,0,3,0,118,102,38,26,6,0,6,28,28,11,0,2,13,3,3,3,2,0,0.373,0.422,0.608,1.03,0.372,0.18,4.519,0.098,4.333,4.897,1.593,KT,5,3,2,1,0,0,3,47.0,213,50,10,1,6,26,25,45,20,2,3,3,0,1,6,1,239,207,62,49,10,0,3,28,27,28,0,2,43,1,2,2,1,0,0.3,0.381355932,0.391304348,0.77266028,0.364197531,0.211267606,4.531914894,0.093896714,4.787234043,5.390070922,5.390070922,-0.454234043,-0.493070922,-3.797070922,0.073,0.25733972,0.216695652,0.040644068,-87,1,4,20740.0,600.0,600.0
1101,116,117,1,win,2024.8.3,2024.8.9,1,롯데,4,3,1,2,0,0,1,35.0,167,47,7,0,4,25,22,27,18,1,0,1,1,0,3,0,155,137,47,32,7,0,8,34,34,13,0,2,19,3,3,5,2,0,0.343,0.392,0.569,0.961,0.345,0.162,4.771,0.108,5.657,5.079,1.857,KT,5,3,2,1,0,0,4,46.0,209,51,9,1,5,25,23,32,19,2,2,3,0,1,6,0,229,201,61,50,8,0,3,29,28,24,0,2,40,0,2,2,1,0,0.303,0.377777778,0.388059701,0.765837479,0.367088608,0.153110048,4.543478261,0.090909091,4.5,4.492753623,4.492753623,1.157,0.586246377,-2.635753623,0.04,0.195162521,0.180940299,0.014222222,-87,3,1,15135.66667,350.0,350.0
1112,117,118,1,win,2024.8.4,2024.8.10,2,롯데,4,3,1,2,1,0,1,35.0,164,47,8,0,2,22,19,28,18,2,0,1,1,1,2,0,155,138,42,30,4,1,7,28,28,14,0,1,21,2,2,4,1,0,0.304,0.364,0.5,0.864,0.313,0.171,4.686,0.11,4.886,4.317,1.857,KT,6,3,3,1,0,0,4,55.0,247,59,9,2,6,27,25,39,23,2,2,3,0,1,6,2,265,233,68,56,9,0,3,29,28,28,1,2,47,0,2,3,1,0,0.292,0.370229008,0.369098712,0.73932772,0.355191257,0.157894737,4.490909091,0.093117409,4.090909091,4.545454545,4.545454545,0.795090909,-0.228454545,-2.688454545,0.012,0.12467228,0.130901288,-0.006229008,-87,3,1,15135.66667,420.0,420.0
1132,119,120,1,win,2024.8.7,2024.8.13,2,롯데,4,3,1,2,3,0,1,35.0,169,51,10,0,3,24,22,32,18,1,0,0,0,1,1,0,163,145,49,30,9,2,8,31,31,13,0,1,24,4,4,4,1,0,0.338,0.383,0.593,0.976,0.35,0.189,4.829,0.107,5.657,4.984,1.971,두산,5,3,2,2,2,0,0,44.0,204,51,14,2,9,42,41,41,22,0,1,3,0,0,3,2,216,184,63,45,8,0,10,43,43,25,1,1,46,3,6,5,9,0,0.342,0.417840376,0.548913043,0.966753419,0.404580153,0.200980392,4.636363636,0.107843137,8.386363636,6.691919192,6.691919192,-2.729363636,-1.707919192,-4.720919192,-0.004,0.009246581,0.044086957,-0.034840376,2963,3,1,15135.66667,420.0,420.0
1142,120,121,0,lose,2024.8.8,2024.8.14,2,롯데,4,3,1,2,3,0,1,35.0,165,44,8,0,3,19,18,31,20,1,0,0,0,1,0,0,171,154,53,30,15,3,5,29,29,14,0,0,31,3,3,3,0,0,0.344,0.392,0.578,0.97,0.397,0.188,4.714,0.121,4.629,5.111,1.829,두산,5,2,3,1,1,0,0,44.0,217,61,21,3,9,50,50,41,24,0,1,5,0,0,3,1,217,185,58,42,6,0,10,37,37,28,1,1,45,2,3,4,8,0,0.314,0.402777778,0.508108108,0.910885886,0.363636364,0.188940092,4.931818182,0.110599078,10.22727273,6.843434343,6.843434343,-5.59827273,-1.732434343,-5.014434343,0.03,0.059114114,0.069891892,-0.010777778,2963,0,0,0.0,,
1154,121,122,1,win,2024.8.9,2024.8.15,4,롯데,5,3,2,2,3,0,1,43.0,202,52,9,0,4,23,22,38,27,1,1,0,0,2,1,0,205,185,59,34,16,3,6,32,32,15,0,0,37,3,5,3,2,0,0.319,0.365,0.535,0.9,0.366,0.188,4.698,0.134,4.605,5.401,1.837,키움,6,3,3,1,2,1,4,53.0,231,51,5,1,6,26,25,36,18,0,2,0,0,0,7,0,226,201,44,29,8,2,5,18,18,20,0,2,51,1,3,2,5,0,0.219,0.288288288,0.353233831,0.641522119,0.267123288,0.155844156,4.358490566,0.077922078,4.245283019,4.27672956,4.27672956,0.359716981,1.12427044,-2.43972956,0.1,0.258477881,0.181766169,0.076711712,4706,0,0,0.0,,
1161,122,123,0,lose,2024.8.10,2024.8.16,1,롯데,5,4,1,2,3,0,2,44.0,192,44,8,1,3,13,13,45,22,1,1,0,0,2,1,0,201,180,58,34,16,3,5,30,30,15,0,0,35,4,6,1,3,0,0.322,0.367,0.528,0.895,0.368,0.234,4.364,0.115,2.659,4.924,1.5,키움,6,3,3,1,2,0,3,53.0,224,49,5,1,5,23,22,31,16,0,2,0,0,0,7,2,220,200,43,30,7,2,4,13,13,16,0,2,54,1,2,2,3,0,0.215,0.271889401,0.33,0.601889401,0.272727273,0.138392857,4.226415094,0.071428571,3.735849057,3.668763103,3.668763103,-1.076849057,1.255236897,-2.168763103,0.107,0.293110599,0.198,0.095110599,4706,3,2,21559.66667,400.0,400.0
1173,123,124,1,win,2024.8.11,2024.8.17,3,롯데,5,3,2,1,2,0,1,44.0,197,52,10,1,4,21,21,44,18,0,1,1,0,1,1,0,208,186,64,39,17,3,5,35,33,15,2,0,30,4,7,1,4,0,0.344,0.391,0.548,0.94,0.381,0.223,4.477,0.091,4.295,4.899,1.591,키움,6,3,3,1,0,0,4,53.0,233,57,6,2,5,29,27,28,18,2,1,1,0,1,8,2,226,210,53,38,8,2,5,18,18,13,0,2,53,0,1,2,2,0,0.252,0.295964126,0.380952381,0.676916507,0.315789474,0.120171674,4.396226415,0.077253219,4.58490566,3.668763103,3.668763103,-0.28990566,1.230236897,-2.077763103,0.092,0.263083493,0.167047619,0.095035874,4706,2,3,21749.0,500.0,500.0
1194,125,126,0,lose,2024.8.14,2024.8.20,4,롯데,5,3,2,0,1,0,1,45.0,190,44,8,1,4,18,18,42,18,0,1,1,0,1,1,1,205,185,59,38,14,2,5,31,29,14,2,1,31,2,5,0,4,0,0.319,0.369,0.497,0.867,0.358,0.221,4.222,0.095,3.6,4.691,1.378,KIA,5,4,1,1,3,1,2,44.1,186,34,3,1,2,9,9,42,21,0,1,2,0,0,3,2,200,177,58,41,8,2,7,34,33,16,0,2,33,3,5,7,8,0,0.328,0.37755102,0.514124294,0.891675314,0.364285714,0.225806452,4.217687075,0.112903226,1.836734694,4.358780549,4.358780549,1.763265306,0.332219451,-2.980780549,-0.009,-0.024675314,-0.017124294,-0.00855102,2787,1,4,20740.0,600.0,600.0
1206,126,127,0,lose,2024.8.15,2024.8.21,6,롯데,5,2,3,0,1,1,1,44.0,190,50,12,1,3,22,20,40,13,0,1,3,0,1,1,1,193,177,50,35,6,1,8,24,22,11,2,1,29,1,4,0,4,0,0.282,0.33,0.463,0.793,0.298,0.211,4.318,0.068,4.091,3.99,1.432,KIA,5,5,0,2,0,0,2,45.0,186,36,4,1,4,12,12,42,17,0,1,2,0,0,2,2,203,180,65,45,12,1,7,39,37,15,0,2,32,4,6,7,6,0,0.361,0.40201005,0.555555556,0.957565606,0.4,0.225806452,4.133333333,0.091397849,2.4,4.617283951,4.617283951,1.691,-0.627283951,-3.185283951,-0.079,-0.164565606,-0.092555556,-0.07201005,2787,1,4,20740.0,600.0,600.0
1216,127,128,0,lose,2024.8.16,2024.8.22,6,롯데,5,2,3,0,2,2,1,44.0,188,51,13,1,4,24,22,38,10,0,0,3,0,0,1,1,198,179,51,34,8,1,8,25,23,15,2,2,31,1,2,1,3,0,0.285,0.345,0.475,0.82,0.305,0.202,4.273,0.053,4.5,3.99,1.386,삼성,5,4,1,3,8,0,2,45.0,187,39,5,0,4,15,14,39,14,0,1,0,0,0,4,1,194,172,46,36,6,0,4,22,22,17,0,1,34,1,4,1,1,0,0.267,0.331578947,0.372093023,0.703671971,0.311111111,0.20855615,4.155555556,0.07486631,2.8,4.24691358,4.24691358,1.7,-0.25691358,-2.86091358,0.018,0.116328029,0.102906977,0.013421053,2032,1,4,20740.0,600.0,600.0
1229,128,129,1,win,2024.8.17,2024.8.23,9,롯데,5,1,4,0,2,2,1,43.0,186,52,14,0,6,29,27,34,10,0,0,3,0,0,1,1,201,179,49,31,9,1,8,24,22,16,3,4,34,1,2,3,2,0,0.274,0.342,0.469,0.811,0.297,0.183,4.326,0.054,5.651,4.548,1.442,삼성,5,4,1,3,6,0,2,45.0,191,40,6,0,4,15,13,40,16,1,3,1,0,0,4,1,185,172,47,36,5,0,6,20,20,10,0,1,37,0,2,1,1,0,0.273,0.313186813,0.406976744,0.720163557,0.317829457,0.209424084,4.244444444,0.083769634,2.6,4.444444444,4.444444444,3.051,0.103555556,-3.002444444,0.001,0.090836443,0.062023256,0.028813187,2032,1,4,20740.0,600.0,600.0
1237,129,130,0,lose,2024.8.18,2024.8.24,7,롯데,5,2,3,0,2,2,1,43.0,184,43,12,0,5,24,22,40,15,0,1,3,0,0,1,1,201,182,51,31,9,0,11,28,28,14,1,4,35,1,1,4,1,0,0.28,0.333,0.511,0.844,0.292,0.217,4.279,0.082,4.605,4.91,1.349,삼성,5,3,2,2,5,0,2,45.0,191,43,7,0,7,22,20,36,14,1,2,1,0,0,2,0,186,169,44,37,4,0,3,18,17,13,0,2,41,0,2,2,1,0,0.26,0.313186813,0.337278107,0.65046492,0.328,0.188481675,4.244444444,0.073298429,4.0,5.061728395,5.061728395,0.605,-0.151728395,-3.712728395,0.02,0.19353508,0.173721893,0.019813187,2032,1,4,20740.0,600.0,600.0
